TransactionId,UserId,VisitYear,VisitMonth,VisitModeId,AttractionId,Rating
1,460,2025,2,3,1133,3.3
2,356,2023,10,5,897,3.8
3,324,2015,7,4,1220,4.0
4,133,2018,12,2,1225,3.8
5,888,2024,9,3,975,2.3
6,805,2012,1,4,673,1.4
7,840,2015,3,1,975,2.1
8,127,2012,5,5,913,1.8
9,106,2023,3,4,897,1.5
10,604,2022,1,3,913,1.1
11,799,2010,7,3,749,4.7
12,378,2023,7,3,928,4.7
13,905,2022,10,4,897,1.2
14,51,2025,12,3,1171,1.7
15,29,2021,8,4,920,1.6
16,462,2014,5,3,949,2.1
17,296,2019,10,1,369,1.8
18,297,2023,12,1,1137,4.8
19,726,2022,5,2,481,1.3
20,779,2020,5,3,947,1.8
21,407,2013,1,3,949,1.3
22,769,2016,10,4,749,4.9
23,814,2015,5,4,640,4.7
24,613,2019,6,3,1166,3.9
25,405,2016,12,2,1225,2.7
26,346,2014,1,3,913,1.8
27,622,2024,11,4,1225,1.9
28,420,2024,7,3,824,2.8
29,182,2013,1,4,1280,4.1
30,983,2025,11,3,749,2.1
31,825,2016,2,5,937,2.2
32,1,2016,2,4,1166,3.4
33,831,2015,5,2,1166,2.0
34,950,2017,10,5,1171,3.3
35,567,2013,7,3,928,2.5
36,371,2019,1,4,841,1.1
37,936,2014,10,5,1133,2.6
38,911,2013,1,2,841,4.7
39,661,2021,1,4,1220,2.2
40,431,2010,6,5,1220,2.3
41,969,2021,2,5,1171,1.3
42,309,2017,1,5,737,3.5
43,137,2010,6,1,1137,4.4
44,202,2014,2,3,937,2.4
45,436,2024,6,4,1280,2.0
46,313,2015,10,4,928,4.8
47,117,2015,8,4,920,4.0
48,666,2022,2,5,1137,3.3
49,937,2014,11,3,913,2.2
50,803,2025,9,2,650,1.9
51,575,2012,8,4,650,3.9
52,244,2024,12,3,1297,3.1
53,537,2014,10,3,481,3.1
54,602,2021,1,1,1280,1.3
55,75,2017,7,4,877,3.0
56,806,2023,10,5,1297,4.3
57,386,2011,6,3,650,4.8
58,903,2025,6,3,1133,1.4
59,210,2015,6,2,1280,3.5
60,475,2018,6,1,1278,3.3
61,418,2017,10,3,1133,4.6
62,347,2023,7,3,928,4.0
63,529,2020,12,5,1133,4.9
64,640,2017,3,5,650,4.8
65,939,2017,6,2,369,1.9
66,955,2024,3,2,1297,3.9
67,876,2022,7,2,1225,3.1
68,763,2016,7,5,1171,1.9
69,179,2017,8,5,949,1.8
70,182,2022,2,1,481,1.3
71,664,2015,9,4,824,4.2
72,25,2011,5,4,1166,2.3
73,967,2011,9,1,1220,4.4
74,180,2017,10,4,897,3.4
75,710,2020,5,5,947,3.7
76,501,2010,7,4,928,2.2
77,856,2015,11,5,928,2.8
78,161,2022,9,1,1220,2.6
79,177,2025,4,2,841,1.9
80,285,2015,2,1,824,4.3
81,63,2025,9,4,877,3.5
82,662,2020,2,5,1220,1.1
83,666,2013,3,4,1225,4.3
84,156,2021,10,4,1280,1.4
85,882,2020,2,2,1225,2.6
86,469,2022,3,4,650,3.3
87,49,2024,6,2,841,1.0
88,967,2020,3,5,640,3.6
89,849,2025,10,5,737,3.6
90,84,2022,8,2,640,3.6
91,361,2019,11,1,1238,1.7
92,689,2012,6,5,824,2.0
93,148,2022,7,1,640,2.0
94,630,2020,1,5,947,4.8
95,342,2012,3,5,749,1.3
96,476,2024,3,3,1137,2.7
97,63,2024,2,4,749,4.5
98,701,2025,7,4,920,4.1
99,360,2022,9,1,897,4.3
100,561,2022,4,4,748,4.9
101,327,2010,12,1,949,2.5
102,769,2012,5,5,749,2.2
103,736,2013,3,3,841,1.1
104,141,2020,11,3,937,1.6
105,990,2020,9,5,369,3.2
106,215,2014,4,2,897,1.6
107,435,2012,5,2,1280,3.9
108,891,2015,1,4,1225,1.1
109,952,2020,11,1,897,2.0
110,723,2023,12,3,1171,3.8
111,318,2024,2,4,928,2.0
112,32,2021,12,5,1280,3.9
113,670,2025,9,3,824,5.0
114,285,2014,2,1,841,4.2
115,305,2012,5,1,737,2.4
116,429,2015,8,2,673,4.6
117,477,2015,3,4,481,1.2
118,286,2024,6,5,877,3.9
119,144,2023,4,3,824,1.1
120,424,2017,11,1,737,1.7
121,19,2011,7,3,749,5.0
122,18,2010,10,5,824,2.4
123,769,2025,3,3,824,4.3
124,590,2013,6,4,749,2.5
125,371,2025,12,2,888,4.4
126,175,2016,10,3,1225,4.9
127,194,2024,9,2,749,2.7
128,502,2025,11,5,640,3.2
129,988,2020,10,2,897,3.5
130,113,2019,1,3,949,4.7
131,114,2012,3,3,481,2.0
132,222,2012,2,1,937,3.4
133,678,2025,8,3,928,2.3
134,947,2014,7,2,650,1.9
135,831,2014,2,1,947,1.3
136,644,2022,6,3,913,3.5
137,897,2019,3,3,1297,4.5
138,264,2012,8,5,481,2.4
139,925,2018,10,1,897,3.2
140,55,2013,3,5,1238,3.6
141,871,2022,10,5,1238,2.7
142,643,2022,9,5,1133,4.6
143,800,2024,1,4,975,2.5
144,778,2012,5,5,937,1.5
145,458,2020,3,2,920,1.6
146,979,2011,6,3,1220,4.6
147,878,2019,10,4,1297,5.0
148,162,2022,2,5,975,2.2
149,380,2020,9,3,673,1.6
150,993,2018,6,1,748,2.9
151,87,2013,7,1,947,3.8
152,55,2025,5,3,1171,3.4
153,476,2012,9,2,877,4.8
154,800,2016,1,3,947,4.3
155,178,2017,5,3,1238,4.5
156,391,2020,11,4,1225,3.2
157,349,2023,10,1,673,2.3
158,8,2011,11,1,897,3.8
159,833,2016,6,5,1278,2.8
160,313,2021,7,3,947,2.2
161,759,2014,12,3,481,1.6
162,835,2024,4,2,975,3.1
163,984,2020,12,1,650,3.4
164,983,2014,1,2,897,3.3
165,443,2012,11,4,1171,1.5
166,767,2014,8,5,1280,3.3
167,328,2021,10,2,928,1.7
168,54,2011,4,1,737,3.7
169,761,2013,3,4,1225,2.7
170,239,2015,12,3,749,4.4
171,229,2010,7,4,928,4.1
172,579,2019,12,2,897,3.9
173,51,2013,2,1,1166,3.8
174,609,2015,8,2,1280,3.2
175,604,2018,6,3,1225,1.2
176,264,2023,7,3,650,3.6
177,418,2020,5,1,481,2.9
178,803,2025,9,5,824,2.9
179,96,2020,5,4,947,2.5
180,88,2022,11,4,937,4.7
181,78,2011,5,3,749,2.0
182,288,2020,3,2,1225,2.3
183,120,2016,11,2,920,4.9
184,814,2015,1,5,824,4.2
185,491,2011,2,2,937,1.1
186,912,2017,8,4,1166,4.6
187,452,2016,1,2,481,1.9
188,500,2020,7,5,737,3.8
189,165,2014,5,4,1280,3.2
190,182,2021,3,2,1238,3.1
191,469,2014,12,4,673,3.9
192,910,2016,12,3,937,1.8
193,735,2018,11,3,481,1.6
194,823,2020,7,3,947,3.6
195,944,2024,9,2,841,2.2
196,978,2018,2,5,841,4.9
197,7,2018,8,4,737,2.8
198,330,2015,9,1,1238,1.4
199,775,2019,11,3,888,3.7
200,673,2015,3,3,937,2.2
201,151,2012,2,1,1238,1.6
202,85,2010,7,1,897,2.7
203,147,2025,5,2,975,4.9
204,624,2016,5,4,1278,2.6
205,381,2013,10,3,928,2.4
206,915,2010,5,5,841,2.8
207,548,2024,4,2,1238,1.0
208,285,2017,5,2,1133,1.5
209,700,2021,4,5,481,4.4
210,82,2015,6,5,481,4.9
211,514,2015,4,5,1166,1.6
212,897,2011,2,1,748,3.1
213,815,2024,9,3,737,4.9
214,709,2010,2,1,369,1.6
215,916,2022,9,3,888,1.7
216,523,2023,10,1,897,4.7
217,746,2023,6,4,888,3.8
218,386,2011,9,3,949,1.6
219,707,2013,9,2,824,2.6
220,471,2011,3,3,841,1.2
221,119,2025,1,3,937,2.7
222,396,2010,1,3,947,4.1
223,532,2016,3,4,749,3.2
224,261,2020,5,1,748,3.6
225,805,2020,3,2,824,2.3
226,934,2024,12,1,841,1.6
227,256,2021,9,1,888,1.1
228,734,2017,9,5,920,4.3
229,905,2015,3,4,920,3.5
230,226,2013,3,5,1278,1.9
231,53,2023,12,4,650,2.7
232,940,2015,5,1,650,4.2
233,867,2012,2,1,1166,3.2
234,500,2021,6,4,369,2.2
235,506,2017,7,1,1225,2.1
236,854,2019,9,1,888,1.9
237,364,2023,6,2,1220,4.3
238,280,2022,3,5,481,3.3
239,593,2022,12,5,920,3.8
240,714,2011,5,5,937,4.4
241,158,2014,4,3,748,4.9
242,632,2010,5,2,737,2.0
243,59,2015,8,5,888,1.7
244,727,2011,8,5,949,2.8
245,128,2013,6,2,369,1.1
246,736,2015,1,1,1278,4.2
247,721,2019,8,5,1133,4.5
248,882,2020,8,1,1225,3.7
249,115,2017,2,5,913,2.1
250,209,2021,4,4,650,1.5
251,526,2017,12,3,673,2.5
252,521,2020,2,5,369,4.3
253,552,2015,4,4,369,2.4
254,962,2013,12,2,1133,1.1
255,237,2017,10,4,737,2.1
256,281,2022,7,2,673,5.0
257,359,2017,9,5,481,3.7
258,201,2019,8,2,1220,4.6
259,758,2023,12,4,1133,4.1
260,278,2010,9,3,1238,3.2
261,235,2025,8,1,1238,1.6
262,494,2013,2,1,673,2.4
263,4,2013,7,3,1225,3.3
264,666,2016,2,1,824,4.5
265,442,2025,12,5,949,2.1
266,29,2023,11,5,1133,1.5
267,109,2023,2,4,920,3.2
268,610,2020,4,4,897,1.7
269,727,2016,1,2,888,3.4
270,805,2025,5,4,673,2.1
271,75,2022,6,5,481,1.9
272,838,2020,9,4,1238,2.6
273,146,2024,10,1,650,3.4
274,128,2017,8,2,1238,3.2
275,853,2025,2,2,1238,2.0
276,42,2020,1,5,947,4.6
277,356,2014,2,4,1133,1.4
278,41,2016,7,1,841,1.2
279,934,2017,4,4,897,3.4
280,34,2025,10,3,888,1.5
281,17,2024,5,4,481,3.0
282,677,2018,12,5,1225,4.8
283,153,2012,7,4,920,3.8
284,998,2012,3,2,913,3.5
285,378,2013,10,1,1220,3.3
286,588,2014,2,5,841,1.7
287,599,2019,7,3,1137,2.7
288,629,2010,5,1,749,2.4
289,874,2024,1,1,1220,4.8
290,342,2024,1,2,920,2.0
291,981,2016,9,2,897,2.9
292,27,2018,5,2,749,4.8
293,825,2017,1,5,1133,4.2
294,287,2024,7,4,1133,4.9
295,646,2024,9,1,1137,3.4
296,731,2014,11,4,913,2.3
297,168,2023,1,4,369,4.3
298,610,2023,10,2,897,2.2
299,268,2013,4,4,1238,1.7
300,749,2021,3,1,749,3.8
301,821,2016,5,1,947,3.6
302,455,2014,7,3,1137,4.5
303,906,2016,8,5,1297,4.8
304,685,2021,2,4,1297,4.4
305,401,2010,7,5,824,1.2
306,922,2010,1,5,897,3.7
307,981,2025,7,5,640,4.1
308,476,2019,8,5,947,4.9
309,702,2023,2,1,841,2.5
310,634,2022,9,4,673,1.7
311,558,2012,1,3,1238,4.4
312,576,2023,6,5,1220,2.3
313,130,2020,1,3,737,3.4
314,822,2011,3,1,1297,2.6
315,363,2011,11,1,749,2.6
316,705,2016,6,2,1171,3.9
317,819,2021,3,5,748,2.4
318,693,2019,8,2,1133,3.8
319,292,2011,5,3,947,1.1
320,371,2020,2,4,913,2.3
321,794,2013,4,2,920,2.3
322,29,2011,9,1,841,4.0
323,149,2015,4,5,1225,2.3
324,779,2017,10,3,1133,3.5
325,296,2019,10,1,888,3.8
326,11,2025,8,4,748,3.6
327,512,2013,5,5,1278,3.4
328,676,2024,11,4,1278,2.7
329,113,2014,11,4,748,2.5
330,187,2013,10,5,877,3.3
331,807,2012,1,5,897,1.3
332,744,2014,7,4,920,4.5
333,227,2023,3,3,947,4.3
334,310,2018,10,5,748,2.4
335,98,2017,8,1,737,3.3
336,55,2017,12,2,1166,4.7
337,623,2017,3,3,877,2.1
338,664,2021,1,5,749,4.0
339,758,2017,5,5,975,1.3
340,406,2016,2,3,369,3.1
341,69,2017,11,2,749,4.5
342,312,2020,4,4,749,3.2
343,289,2023,1,1,949,3.5
344,762,2025,9,5,640,4.6
345,548,2017,6,2,673,3.9
346,751,2022,8,1,1297,3.8
347,148,2023,11,3,640,3.3
348,467,2017,4,5,920,3.5
349,739,2021,9,4,913,4.2
350,244,2019,2,3,1133,4.9
351,491,2016,9,5,920,4.2
352,849,2021,12,2,1171,3.8
353,958,2010,5,1,937,1.5
354,507,2013,6,1,947,4.3
355,365,2022,3,5,481,3.9
356,482,2022,4,3,888,4.1
357,201,2025,6,4,928,1.9
358,154,2013,7,2,650,4.6
359,450,2014,1,5,1220,1.4
360,501,2019,7,2,481,2.0
361,73,2015,1,1,1278,3.7
362,713,2013,5,4,913,3.7
363,296,2024,6,2,877,2.3
364,17,2011,2,5,897,3.8
365,641,2025,10,4,1278,2.6
366,217,2015,9,3,1220,1.0
367,61,2024,10,5,748,1.7
368,939,2017,6,2,841,4.5
369,616,2024,7,4,1171,1.9
370,42,2017,10,5,369,1.5
371,25,2016,8,4,1280,3.7
372,39,2015,11,4,1133,2.8
373,803,2011,10,4,1220,4.2
374,131,2024,1,2,1278,4.4
375,498,2016,8,5,650,4.4
376,229,2020,4,1,947,2.3
377,108,2021,10,1,737,3.0
378,172,2023,8,2,481,3.6
379,435,2025,6,2,640,2.3
380,478,2023,11,4,913,1.2
381,102,2014,9,5,749,3.0
382,866,2025,11,5,928,1.1
383,524,2015,4,3,949,4.8
384,275,2019,2,3,947,4.2
385,613,2017,2,1,737,1.8
386,44,2025,5,3,913,2.2
387,955,2023,10,3,640,4.9
388,817,2017,9,1,928,2.5
389,957,2012,12,1,369,4.1
390,17,2021,3,3,888,2.8
391,330,2025,8,5,1297,4.5
392,569,2021,4,3,913,3.8
393,823,2023,6,4,949,1.1
394,497,2016,10,4,1137,2.2
395,815,2010,6,4,949,3.2
396,12,2010,3,2,824,4.7
397,318,2016,5,4,748,1.4
398,592,2024,12,5,913,3.4
399,216,2024,3,2,673,2.2
400,339,2019,11,2,947,4.6
401,776,2018,11,4,824,4.1
402,991,2016,1,3,1133,2.5
403,661,2019,7,1,748,1.7
404,81,2014,4,3,824,1.0
405,727,2017,7,3,650,3.5
406,485,2011,3,2,1220,2.6
407,374,2018,12,2,937,2.3
408,976,2015,11,2,888,4.9
409,710,2022,5,5,737,2.9
410,200,2018,5,5,947,4.0
411,537,2025,2,1,749,1.7
412,466,2011,11,2,1133,1.1
413,89,2012,10,4,920,2.7
414,268,2021,12,2,640,3.7
415,655,2017,2,5,481,3.0
416,571,2010,4,2,1171,4.6
417,922,2024,4,5,1166,2.7
418,489,2019,4,2,824,2.2
419,877,2024,6,4,749,4.7
420,538,2024,2,1,1238,2.6
421,47,2024,6,4,650,2.1
422,288,2016,7,5,481,1.4
423,778,2016,11,3,913,4.2
424,16,2022,10,4,1280,4.3
425,711,2010,3,2,481,1.1
426,401,2025,11,1,481,2.4
427,919,2018,12,2,1297,4.0
428,794,2017,8,2,1238,4.8
429,981,2013,2,4,1278,2.5
430,86,2019,11,1,1137,4.5
431,250,2020,8,3,748,2.6
432,391,2014,11,2,888,1.7
433,782,2011,5,1,737,1.0
434,335,2022,2,3,947,2.3
435,629,2025,7,2,650,2.5
436,519,2018,2,1,949,4.8
437,137,2024,6,4,1238,1.8
438,883,2021,10,2,897,2.5
439,688,2021,3,2,975,1.1
440,840,2015,9,1,1133,4.1
441,498,2012,3,2,1166,4.7
442,827,2021,11,3,1297,2.0
443,727,2016,12,2,1220,2.7
444,477,2018,12,5,1238,1.5
445,594,2012,3,3,481,2.8
446,223,2025,5,1,749,1.5
447,990,2011,7,3,949,3.1
448,372,2025,8,5,824,3.9
449,935,2016,12,5,1225,3.2
450,995,2016,11,2,1278,2.0
451,402,2013,7,2,650,2.4
452,443,2020,9,4,928,3.6
453,490,2018,5,3,949,3.4
454,615,2025,10,4,841,1.5
455,273,2023,11,5,737,4.4
456,526,2017,3,2,928,2.9
457,159,2022,6,2,841,1.6
458,152,2022,5,2,897,1.5
459,995,2010,12,1,824,4.9
460,620,2010,4,5,748,2.1
461,188,2014,12,2,650,4.6
462,813,2015,2,5,949,2.6
463,98,2012,7,2,1225,2.5
464,131,2022,5,3,650,3.8
465,805,2018,4,5,949,1.0
466,171,2021,12,4,1278,2.4
467,936,2019,8,1,949,2.2
468,986,2023,9,4,888,4.5
469,183,2024,9,5,1297,3.1
470,983,2015,3,2,897,2.5
471,364,2013,3,5,1220,2.1
472,39,2021,5,1,650,3.4
473,527,2016,5,5,1220,1.6
474,888,2017,10,2,1278,2.0
475,497,2018,2,4,841,2.2
476,516,2022,1,3,1133,3.4
477,349,2025,8,4,748,2.5
478,982,2020,3,2,1297,3.0
479,921,2015,1,2,673,3.6
480,397,2024,1,1,937,4.8
481,722,2015,11,5,947,4.1
482,161,2017,2,5,877,2.6
483,16,2021,6,4,920,4.0
484,493,2014,6,3,1133,4.8
485,426,2023,3,3,1137,3.0
486,108,2012,12,1,748,2.6
487,894,2021,4,2,947,1.3
488,450,2012,12,1,1225,4.6
489,311,2022,2,5,1220,2.0
490,739,2015,2,2,737,1.3
491,170,2011,7,1,947,3.1
492,546,2025,1,4,928,4.4
493,414,2015,7,5,481,2.6
494,251,2025,12,3,949,4.1
495,759,2022,12,1,369,4.3
496,781,2015,1,5,1220,2.8
497,141,2017,6,5,1297,3.4
498,274,2016,3,3,1225,3.1
499,416,2017,8,3,877,4.8
500,608,2023,6,3,975,3.9
501,739,2018,11,1,673,4.7
502,891,2015,2,3,928,1.9
503,39,2023,8,4,1166,2.2
504,814,2025,5,5,369,1.3
505,29,2012,8,3,949,3.0
506,958,2019,8,5,913,4.5
507,477,2012,6,2,640,2.3
508,318,2025,2,2,481,1.5
509,245,2020,8,3,1171,1.3
510,748,2021,11,5,673,2.8
511,697,2010,6,2,937,1.7
512,272,2020,6,3,1278,2.4
513,440,2024,8,5,947,4.3
514,748,2022,1,3,369,2.5
515,239,2024,2,5,920,3.4
516,377,2014,12,2,1137,3.0
517,266,2023,12,3,824,3.9
518,926,2013,9,2,1238,1.6
519,921,2018,11,3,1166,4.7
520,359,2024,12,1,673,3.6
521,340,2018,8,2,1278,2.1
522,389,2024,12,2,897,1.5
523,577,2023,7,4,949,1.6
524,990,2014,7,2,1278,4.1
525,689,2019,5,5,1278,3.4
526,3,2013,2,3,1171,2.5
527,429,2016,11,1,841,2.3
528,142,2024,6,5,975,4.4
529,376,2015,10,5,1220,4.5
530,670,2013,3,5,1133,3.3
531,324,2022,4,5,913,3.1
532,146,2022,10,1,1137,4.3
533,958,2024,12,4,1133,4.0
534,293,2019,11,2,1225,2.6
535,665,2011,2,5,888,1.3
536,432,2010,2,2,877,4.1
537,705,2013,12,2,1166,1.7
538,949,2013,8,5,748,1.1
539,975,2022,8,4,937,4.4
540,585,2010,10,2,947,3.3
541,399,2015,6,3,748,4.6
542,817,2013,5,2,1171,2.9
543,889,2010,8,5,975,4.7
544,344,2010,4,1,737,2.4
545,964,2024,11,2,877,3.9
546,140,2022,4,4,888,2.2
547,187,2010,5,3,1225,1.0
548,805,2017,1,3,928,2.5
549,61,2019,1,1,949,4.0
550,997,2017,2,1,1166,1.6
551,939,2011,8,2,1238,3.0
552,380,2020,7,5,949,1.8
553,710,2022,10,4,877,1.3
554,807,2016,9,3,928,3.5
555,440,2023,5,1,1166,4.8
556,319,2017,2,4,1278,2.2
557,302,2017,7,5,1238,3.3
558,344,2020,8,3,888,4.8
559,11,2019,12,3,1238,3.6
560,62,2024,7,5,749,3.7
561,845,2020,7,3,640,1.7
562,226,2022,12,5,481,3.0
563,153,2016,5,3,1278,2.5
564,711,2014,2,2,737,2.9
565,564,2010,6,5,928,4.2
566,772,2021,4,4,975,2.8
567,571,2018,10,2,1171,1.3
568,584,2022,2,4,1280,4.6
569,660,2025,12,3,920,3.2
570,861,2016,9,4,913,4.7
571,575,2011,7,2,481,3.3
572,310,2015,6,5,975,1.3
573,885,2011,12,1,947,3.2
574,243,2024,5,4,913,3.3
575,493,2010,3,1,947,1.9
576,366,2023,12,4,481,2.9
577,330,2016,10,4,369,2.8
578,107,2022,10,5,975,3.5
579,226,2025,4,3,481,2.0
580,825,2011,3,2,824,3.3
581,218,2022,12,2,824,2.0
582,937,2023,11,2,928,2.8
583,753,2023,8,3,877,1.5
584,506,2011,3,1,1238,1.1
585,259,2022,7,2,1166,2.3
586,888,2020,7,1,737,2.1
587,774,2014,7,3,888,2.6
588,517,2023,7,3,640,4.8
589,773,2014,2,5,1297,3.1
590,54,2025,10,2,888,3.2
591,47,2016,3,5,1297,4.8
592,727,2010,10,2,1166,4.7
593,689,2017,9,3,369,4.5
594,521,2012,3,3,824,1.4
595,99,2013,2,4,975,3.5
596,20,2024,9,4,1137,4.2
597,890,2018,10,3,737,4.3
598,753,2013,9,3,877,3.3
599,573,2019,4,1,640,1.1
600,891,2021,12,1,650,4.9
601,490,2024,9,5,1280,2.9
602,419,2014,3,4,1238,2.6
603,690,2016,7,4,841,2.6
604,850,2025,7,3,949,2.7
605,62,2013,11,3,1280,2.0
606,145,2023,8,5,737,2.3
607,216,2010,10,4,369,4.9
608,3,2018,4,1,749,2.5
609,160,2013,3,2,749,3.1
610,739,2018,3,5,1220,4.4
611,998,2015,12,2,737,3.1
612,781,2024,5,1,937,2.3
613,120,2010,11,1,949,3.1
614,893,2021,1,2,369,1.5
615,89,2012,10,5,920,1.5
616,329,2020,3,2,897,3.8
617,580,2011,6,5,1133,4.7
618,910,2025,3,5,640,3.9
619,357,2018,5,3,1297,1.3
620,610,2025,9,4,481,2.6
621,267,2024,2,4,640,1.0
622,617,2021,11,1,824,3.0
623,952,2010,2,3,1238,1.8
624,323,2022,12,4,928,4.5
625,635,2023,6,5,1171,1.4
626,988,2018,6,5,897,1.0
627,541,2018,11,2,949,2.8
628,649,2017,11,2,1238,1.6
629,195,2017,8,5,947,4.0
630,921,2020,12,5,1133,4.7
631,738,2023,11,2,888,1.2
632,332,2021,2,4,1278,2.6
633,170,2010,9,1,1280,5.0
634,521,2020,2,2,888,3.9
635,463,2017,1,4,369,4.8
636,40,2019,10,4,975,1.7
637,537,2023,2,4,749,1.9
638,261,2012,12,3,937,1.6
639,395,2020,7,3,1133,2.2
640,955,2016,8,4,1278,3.9
641,226,2020,5,5,975,1.7
642,984,2024,6,3,1137,3.1
643,124,2010,12,2,748,2.1
644,975,2010,1,3,824,4.3
645,38,2025,6,5,937,1.0
646,328,2019,12,1,1238,1.9
647,251,2022,8,3,841,3.4
648,901,2014,3,4,650,1.4
649,176,2014,11,4,1137,2.9
650,602,2017,1,4,1225,2.7
651,914,2016,11,1,748,4.4
652,454,2017,4,5,748,3.5
653,37,2015,1,2,749,3.6
654,316,2015,8,5,1297,4.8
655,688,2011,5,1,1225,4.9
656,973,2015,1,4,1171,3.6
657,796,2014,8,5,1171,3.1
658,965,2022,9,2,749,3.4
659,973,2025,10,4,928,2.5
660,593,2012,2,2,888,4.9
661,114,2015,9,3,920,3.8
662,40,2017,8,2,749,2.2
663,301,2018,7,4,1137,1.2
664,224,2010,3,3,824,1.2
665,318,2012,2,4,640,1.8
666,349,2012,7,4,1137,1.9
667,115,2020,5,3,1133,2.7
668,698,2017,6,2,928,1.9
669,323,2010,4,1,920,3.5
670,568,2014,2,1,1171,1.8
671,40,2012,9,1,650,1.8
672,866,2011,3,1,975,2.9
673,40,2024,12,5,1280,4.6
674,859,2017,7,1,928,2.9
675,973,2012,8,3,841,2.7
676,749,2016,2,1,877,3.3
677,289,2021,6,4,1225,2.0
678,262,2020,11,1,1280,2.4
679,216,2010,8,2,673,1.9
680,147,2015,7,3,877,3.3
681,336,2012,11,3,1280,3.8
682,168,2017,3,5,897,3.7
683,92,2015,1,4,920,2.0
684,353,2021,6,3,737,4.1
685,571,2011,8,2,928,2.0
686,571,2015,6,1,920,1.6
687,816,2016,5,3,877,2.4
688,681,2014,11,2,975,3.4
689,781,2012,12,1,481,1.6
690,363,2013,8,5,1278,3.6
691,557,2013,2,3,1278,4.5
692,345,2015,12,3,1297,2.2
693,693,2019,1,2,481,2.8
694,170,2010,1,4,888,1.9
695,356,2020,4,5,928,2.4
696,191,2013,6,4,949,1.1
697,667,2019,9,3,481,4.8
698,422,2022,1,4,937,2.7
699,700,2013,12,1,913,4.2
700,7,2019,1,5,1171,1.6
701,133,2025,5,4,1278,4.2
702,747,2010,10,1,928,4.4
703,557,2018,5,2,673,3.9
704,826,2013,5,4,841,4.6
705,761,2016,10,5,937,1.7
706,31,2021,6,1,897,2.9
707,535,2023,8,4,928,3.5
708,426,2012,3,2,824,3.4
709,394,2019,9,4,1171,4.4
710,672,2021,1,1,650,1.9
711,363,2012,4,4,1171,1.7
712,437,2023,9,5,1280,2.0
713,670,2017,8,3,1278,4.6
714,551,2017,10,1,1280,4.8
715,927,2020,9,1,1225,3.3
716,82,2021,1,1,928,3.0
717,356,2010,9,1,1166,3.4
718,258,2019,3,4,1238,3.5
719,718,2011,11,5,877,1.7
720,589,2025,12,2,748,3.7
721,989,2017,10,5,937,2.8
722,524,2010,9,1,1137,3.1
723,295,2024,1,4,897,1.1
724,962,2021,1,4,650,4.1
725,224,2017,9,1,913,4.3
726,525,2017,11,4,841,3.5
727,46,2025,6,1,841,4.0
728,667,2011,4,5,841,3.1
729,113,2013,7,3,1238,3.5
730,233,2015,5,4,888,2.6
731,17,2021,10,1,481,4.2
732,360,2020,7,1,1225,2.9
733,223,2018,8,4,1166,3.7
734,866,2024,8,2,824,3.5
735,700,2025,1,1,1280,3.8
736,448,2017,8,4,673,4.1
737,856,2021,6,1,749,3.1
738,365,2024,4,2,1133,4.3
739,675,2017,12,3,913,3.0
740,326,2016,8,2,748,4.8
741,467,2023,3,5,748,4.0
742,414,2022,4,4,824,1.7
743,455,2018,6,2,640,4.3
744,586,2024,11,3,913,3.2
745,233,2011,7,1,937,4.9
746,224,2012,4,4,947,3.9
747,994,2019,4,2,888,1.3
748,831,2017,7,3,1137,2.6
749,412,2023,6,2,913,3.1
750,572,2015,11,5,1225,4.4
751,335,2019,8,4,1225,3.9
752,222,2018,1,1,1278,2.5
753,37,2019,10,3,897,3.6
754,989,2013,11,2,913,3.3
755,278,2025,7,4,824,1.5
756,196,2017,12,2,949,1.9
757,916,2019,7,4,1225,2.4
758,864,2012,11,5,481,1.8
759,484,2012,7,2,877,1.6
760,242,2017,7,5,937,1.2
761,324,2014,10,3,481,4.5
762,731,2012,10,5,949,2.2
763,192,2019,8,4,748,2.2
764,17,2020,9,3,947,1.8
765,524,2025,9,2,897,2.9
766,918,2010,2,2,673,3.1
767,401,2024,7,4,947,1.8
768,906,2012,7,1,1166,3.4
769,886,2021,4,1,1225,3.9
770,705,2018,9,2,1171,2.5
771,22,2014,8,4,1171,3.3
772,474,2021,12,1,1280,3.0
773,120,2019,1,5,928,1.8
774,210,2024,2,2,920,3.9
775,306,2011,2,5,749,4.2
776,270,2016,12,4,1225,3.6
777,704,2024,12,5,920,2.3
778,687,2011,11,1,1220,4.7
779,285,2013,8,1,369,2.8
780,716,2021,1,3,1278,2.1
781,676,2016,4,2,937,2.6
782,763,2013,10,4,1297,3.8
783,227,2016,12,2,920,4.4
784,948,2025,5,5,913,2.4
785,381,2016,9,4,913,1.9
786,460,2025,7,4,841,3.5
787,7,2010,8,1,481,4.7
788,29,2015,11,5,1238,1.7
789,907,2018,9,1,737,4.2
790,33,2011,7,1,1297,2.9
791,646,2023,5,3,937,4.2
792,879,2012,5,1,673,3.0
793,79,2019,10,2,673,2.5
794,928,2014,11,4,920,3.8
795,947,2018,6,1,920,4.6
796,459,2013,5,2,975,2.3
797,570,2010,12,5,877,2.8
798,983,2013,11,4,673,1.9
799,538,2015,9,5,1278,1.7
800,482,2014,3,2,369,4.1
801,430,2023,3,5,877,1.8
802,738,2022,7,5,877,4.2
803,285,2010,7,5,737,2.7
804,516,2013,6,1,1166,5.0
805,977,2015,3,1,749,1.8
806,99,2022,7,1,481,1.4
807,397,2024,5,4,920,1.3
808,489,2019,7,2,1166,4.3
809,39,2019,2,1,1137,2.8
810,271,2023,6,5,824,1.0
811,887,2013,8,5,920,4.5
812,797,2024,1,5,749,4.5
813,157,2023,4,5,1297,4.2
814,75,2018,11,3,928,2.0
815,884,2014,1,4,1238,2.5
816,800,2017,1,2,913,4.0
817,130,2018,10,2,920,3.0
818,687,2019,12,1,975,1.6
819,974,2014,11,3,1297,2.0
820,84,2015,8,2,897,4.9
821,22,2010,7,4,824,1.6
822,459,2020,12,5,369,3.9
823,539,2025,10,1,1238,2.9
824,707,2021,1,4,737,4.0
825,849,2024,11,2,749,3.6
826,382,2016,2,3,1238,2.8
827,748,2013,4,1,1238,2.4
828,440,2020,1,2,975,4.0
829,604,2011,3,1,947,2.3
830,989,2014,8,2,1238,4.2
831,21,2021,8,5,947,3.7
832,303,2012,8,3,1225,3.3
833,976,2015,6,5,937,2.5
834,869,2017,6,2,1133,1.8
835,955,2016,5,4,928,3.8
836,84,2025,9,5,897,1.4
837,774,2012,4,4,1137,4.9
838,659,2017,10,2,650,4.9
839,953,2011,12,3,650,1.5
840,453,2019,12,4,1133,1.4
841,387,2018,12,2,913,2.7
842,507,2013,7,4,673,4.9
843,257,2010,1,5,928,2.6
844,570,2017,9,2,913,2.5
845,892,2016,7,5,1297,3.8
846,934,2020,10,1,913,1.7
847,527,2022,12,2,913,2.5
848,162,2025,9,4,1220,2.2
849,957,2014,7,1,1171,3.4
850,163,2019,2,5,1220,1.7
851,832,2022,6,5,1280,3.2
852,793,2014,10,4,913,4.4
853,792,2016,12,1,949,3.1
854,524,2014,11,3,1297,3.7
855,786,2017,4,4,640,1.3
856,271,2020,3,5,937,2.8
857,492,2022,2,2,913,1.4
858,208,2015,6,1,841,3.4
859,539,2022,8,3,897,2.1
860,584,2014,6,2,1137,2.1
861,60,2018,9,1,650,1.3
862,430,2020,5,4,877,2.2
863,985,2025,2,4,920,3.0
864,657,2011,8,1,920,3.3
865,605,2010,9,3,1297,1.3
866,309,2017,10,1,1171,3.6
867,520,2021,4,2,481,3.0
868,591,2012,6,2,877,3.1
869,27,2023,11,4,481,4.3
870,686,2020,10,1,1166,2.4
871,562,2021,8,4,1280,1.7
872,199,2021,9,3,673,3.2
873,387,2021,12,2,897,4.8
874,349,2016,5,5,369,3.1
875,960,2019,12,5,748,4.3
876,940,2022,6,1,748,4.0
877,693,2020,11,1,841,3.1
878,536,2017,4,5,737,3.6
879,828,2024,5,1,975,2.6
880,378,2025,7,2,888,3.1
881,899,2022,9,3,897,3.0
882,916,2022,10,3,1171,3.8
883,558,2015,11,4,1278,2.6
884,527,2021,6,2,877,1.4
885,153,2019,6,1,947,4.2
886,734,2023,8,1,481,3.7
887,206,2018,11,4,928,4.8
888,455,2016,4,4,481,2.7
889,273,2024,3,1,949,1.3
890,894,2019,7,1,737,1.5
891,236,2014,5,2,369,4.1
892,852,2017,2,4,877,1.3
893,740,2024,2,2,947,4.6
894,521,2011,11,1,841,2.1
895,678,2016,6,5,947,4.6
896,944,2024,8,5,1297,4.1
897,956,2013,1,1,1278,4.5
898,831,2018,11,4,369,1.9
899,726,2021,6,5,949,3.4
900,501,2010,12,4,928,1.4
901,117,2016,2,5,1225,1.8
902,386,2015,2,4,748,2.2
903,344,2017,7,5,920,4.0
904,584,2014,10,4,1280,1.1
905,395,2024,1,2,369,4.6
906,64,2010,6,4,1166,1.3
907,717,2010,7,2,1133,2.5
908,721,2018,8,2,824,1.3
909,72,2024,7,1,481,4.1
910,789,2019,6,2,937,1.6
911,274,2015,9,3,1220,4.5
912,990,2019,3,2,1171,3.1
913,320,2014,11,4,841,4.8
914,338,2024,6,2,737,2.2
915,366,2010,4,4,673,2.8
916,495,2015,2,4,749,3.8
917,607,2015,1,3,749,4.3
918,166,2012,12,2,1297,2.7
919,544,2022,12,2,673,4.6
920,11,2025,1,5,888,1.5
921,301,2017,11,5,748,3.8
922,729,2023,10,1,897,2.4
923,801,2024,3,4,897,1.4
924,102,2010,4,3,937,2.5
925,425,2010,2,5,650,4.5
926,392,2015,12,2,947,4.9
927,779,2019,11,1,841,2.6
928,214,2022,11,3,640,4.5
929,691,2010,11,2,888,3.0
930,88,2015,1,2,369,3.9
931,553,2010,4,4,1238,1.2
932,401,2025,7,4,877,3.2
933,588,2023,10,5,947,1.3
934,889,2022,11,5,897,2.1
935,46,2015,6,2,937,3.3
936,672,2012,6,2,749,4.2
937,463,2023,11,5,975,3.2
938,592,2023,9,5,949,4.7
939,310,2024,2,2,937,4.2
940,86,2017,4,3,481,1.6
941,92,2022,5,2,640,2.6
942,660,2024,1,3,640,3.7
943,673,2015,8,3,737,4.8
944,714,2022,8,2,841,5.0
945,936,2020,6,1,1171,4.1
946,928,2022,12,5,1137,3.3
947,242,2010,5,4,947,4.0
948,865,2024,8,2,947,2.1
949,2,2014,3,3,913,2.1
950,225,2017,3,2,928,3.6
951,801,2012,2,5,748,4.5
952,745,2021,5,3,369,4.9
953,973,2015,3,4,937,2.4
954,926,2014,3,4,1166,4.2
955,929,2015,6,4,1220,4.4
956,589,2019,8,1,673,3.5
957,116,2010,2,3,1238,2.4
958,666,2016,4,3,369,3.5
959,918,2018,11,1,1133,3.3
960,103,2011,7,3,1238,3.4
961,194,2019,1,1,937,3.5
962,166,2024,1,2,841,4.4
963,871,2014,12,5,888,1.7
964,90,2019,10,4,1220,2.5
965,686,2013,7,1,975,3.3
966,122,2015,7,1,1220,2.1
967,143,2015,1,1,481,4.9
968,994,2020,1,2,1166,2.1
969,106,2025,4,1,928,2.9
970,887,2011,5,5,920,4.5
971,428,2011,5,5,1278,1.3
972,305,2013,4,4,897,4.3
973,872,2010,8,2,947,3.3
974,971,2018,7,5,1278,1.1
975,317,2023,9,3,975,4.6
976,963,2023,7,3,1137,1.2
977,635,2022,10,3,913,3.1
978,902,2016,1,1,947,1.2
979,9,2025,7,1,481,1.3
980,774,2021,1,3,481,4.5
981,73,2016,7,4,640,4.1
982,359,2024,10,4,673,1.8
983,223,2012,8,1,1220,3.5
984,416,2024,11,3,928,4.2
985,553,2020,9,4,1137,4.6
986,370,2024,12,1,920,2.9
987,716,2021,3,3,888,4.6
988,264,2012,4,2,1297,3.0
989,840,2010,4,3,824,3.8
990,690,2012,12,3,1225,4.9
991,860,2012,9,5,913,1.9
992,318,2013,7,5,1280,1.7
993,84,2013,3,2,1133,2.4
994,318,2012,10,2,928,1.7
995,111,2025,5,3,877,2.1
996,251,2019,7,4,737,4.0
997,383,2025,8,2,841,2.9
998,7,2021,1,3,1278,2.5
999,459,2017,12,1,749,2.5
1000,84,2017,2,5,928,1.8
1001,208,2022,7,4,640,2.8
1002,900,2022,11,3,481,3.5
1003,390,2010,2,1,928,1.6
1004,314,2016,7,5,949,4.9
1005,22,2020,9,1,1297,2.8
1006,410,2011,11,3,824,4.8
1007,895,2010,2,2,928,1.5
1008,515,2012,7,5,1137,4.1
1009,127,2025,4,1,1225,3.5
1010,809,2013,11,2,1278,4.3
1011,700,2022,2,4,650,3.4
1012,874,2015,7,3,841,4.9
1013,14,2019,5,3,949,3.5
1014,971,2025,1,5,897,4.1
1015,978,2023,5,1,947,4.5
1016,12,2014,12,4,920,3.9
1017,87,2025,12,5,1297,3.1
1018,524,2024,3,5,650,2.1
1019,909,2024,7,1,824,4.4
1020,537,2023,6,4,650,2.9
1021,301,2013,8,1,1280,3.5
1022,243,2017,5,3,928,1.3
1023,122,2020,2,2,1278,3.0
1024,147,2025,9,3,1133,3.8
1025,567,2021,11,3,920,3.3
1026,750,2025,8,5,1171,2.8
1027,356,2023,6,3,481,1.9
1028,685,2013,10,4,1278,2.2
1029,904,2022,7,3,1238,3.8
1030,733,2019,9,4,913,1.9
1031,631,2021,7,1,640,3.5
1032,309,2025,3,5,1137,3.4
1033,695,2022,6,4,1278,4.9
1034,288,2011,11,3,1166,1.2
1035,307,2024,11,5,650,1.4
1036,812,2012,7,5,1297,3.0
1037,594,2015,2,4,369,3.1
1038,966,2017,3,4,1166,1.2
1039,914,2017,4,2,1278,4.3
1040,723,2024,10,2,824,3.0
1041,662,2020,6,5,937,2.4
1042,549,2024,1,2,913,2.3
1043,352,2018,9,3,937,4.4
1044,312,2016,5,1,369,1.8
1045,873,2022,12,5,841,1.6
1046,59,2011,7,1,1166,1.9
1047,643,2017,9,2,928,3.5
1048,924,2016,9,4,1238,4.2
1049,714,2017,1,5,1220,2.3
1050,755,2021,1,2,949,1.7
1051,35,2012,3,3,1171,1.8
1052,445,2016,6,5,1220,3.5
1053,93,2019,2,5,640,2.0
1054,950,2022,10,4,1278,4.5
1055,959,2018,12,5,888,1.4
1056,207,2025,11,4,640,1.1
1057,353,2012,1,2,920,1.4
1058,903,2023,1,3,937,4.4
1059,332,2019,5,3,947,3.6
1060,817,2015,4,5,748,4.8
1061,862,2011,1,5,949,2.3
1062,725,2011,4,2,748,1.9
1063,159,2014,3,4,673,3.2
1064,954,2014,2,3,1225,3.2
1065,957,2022,9,4,749,3.4
1066,24,2016,11,2,1133,2.4
1067,404,2021,1,3,928,1.0
1068,805,2011,7,3,928,1.1
1069,516,2020,4,1,949,3.7
1070,732,2023,5,2,1220,3.1
1071,364,2022,10,2,920,4.3
1072,382,2016,5,1,748,2.2
1073,532,2014,1,4,673,4.3
1074,956,2023,6,1,1166,2.7
1075,152,2015,9,2,877,1.4
1076,562,2017,2,4,841,4.9
1077,689,2019,7,3,1220,3.0
1078,947,2022,6,1,1133,3.5
1079,608,2023,5,4,1166,3.7
1080,617,2021,4,4,1238,2.4
1081,420,2013,4,4,824,4.0
1082,250,2022,6,1,369,4.5
1083,117,2016,4,3,975,2.5
1084,866,2015,5,4,369,3.6
1085,512,2025,6,1,749,4.0
1086,740,2019,5,2,640,1.8
1087,578,2011,7,1,481,2.3
1088,335,2024,9,1,1297,1.4
1089,418,2017,10,1,650,3.4
1090,932,2019,7,4,1238,4.2
1091,774,2025,7,1,949,3.4
1092,295,2018,4,2,877,1.7
1093,938,2014,1,4,673,3.2
1094,755,2019,8,2,1280,4.3
1095,371,2013,4,5,1171,2.2
1096,186,2015,1,1,841,4.3
1097,246,2025,5,4,1171,4.1
1098,637,2017,8,4,1238,1.1
1099,268,2020,4,1,1166,2.0
1100,643,2024,12,3,749,3.2
1101,237,2012,8,3,897,3.9
1102,530,2019,8,2,1280,4.5
1103,552,2020,3,1,673,3.6
1104,21,2020,9,1,1225,2.5
1105,911,2010,3,5,1225,1.7
1106,737,2025,1,3,1238,4.0
1107,867,2013,2,3,888,1.8
1108,794,2024,6,1,1238,3.8
1109,520,2013,12,2,897,1.7
1110,100,2010,10,1,1137,1.4
1111,752,2018,2,2,749,2.0
1112,478,2012,6,3,920,2.1
1113,599,2014,1,5,897,3.6
1114,298,2025,11,4,369,1.6
1115,940,2015,1,3,1137,4.7
1116,526,2017,5,2,737,3.2
1117,334,2015,10,1,877,3.0
1118,2,2012,11,3,897,2.7
1119,375,2015,9,5,1133,3.3
1120,293,2010,8,2,975,1.1
1121,837,2013,3,1,369,5.0
1122,934,2015,3,4,877,3.2
1123,553,2025,1,2,1225,1.1
1124,318,2016,3,1,877,3.4
1125,502,2020,12,4,749,2.7
1126,828,2022,12,1,1137,1.1
1127,381,2020,12,4,640,4.7
1128,623,2019,11,4,1278,1.0
1129,14,2012,1,4,949,3.3
1130,504,2018,8,1,888,4.8
1131,231,2021,1,4,737,2.0
1132,985,2021,5,2,1278,2.0
1133,84,2016,9,5,1166,1.0
1134,130,2023,7,5,749,1.3
1135,743,2010,4,4,673,1.2
1136,838,2011,11,5,841,4.3
1137,145,2010,9,5,1137,4.3
1138,891,2020,9,4,928,3.9
1139,857,2018,2,4,888,2.4
1140,28,2018,10,2,937,4.3
1141,66,2016,10,3,737,3.2
1142,163,2019,11,1,824,2.2
1143,229,2012,12,4,841,2.7
1144,261,2022,6,4,975,1.3
1145,449,2024,4,5,913,4.8
1146,424,2014,8,2,913,3.5
1147,460,2024,12,5,1225,3.9
1148,952,2013,11,4,1280,3.7
1149,676,2025,7,4,937,3.7
1150,301,2016,7,5,1297,1.1
1151,919,2023,11,4,1238,3.1
1152,303,2018,10,3,1220,4.3
1153,287,2021,9,1,928,1.2
1154,395,2011,5,1,650,4.8
1155,10,2022,6,1,481,2.7
1156,707,2017,1,3,928,2.2
1157,630,2025,6,4,369,3.1
1158,270,2024,2,5,640,4.2
1159,592,2018,6,2,1166,2.9
1160,970,2019,9,4,877,3.6
1161,605,2023,8,3,928,3.0
1162,778,2019,9,3,1225,3.5
1163,844,2018,10,1,947,1.6
1164,862,2023,8,4,920,1.2
1165,361,2019,3,1,824,1.5
1166,257,2023,8,2,888,2.1
1167,133,2016,6,1,1280,2.0
1168,276,2024,6,2,1238,3.5
1169,776,2018,6,3,947,2.8
1170,683,2018,3,1,673,1.2
1171,972,2023,10,1,1171,1.1
1172,513,2012,1,5,1280,1.4
1173,313,2013,12,3,1280,2.4
1174,576,2025,4,5,1278,1.0
1175,886,2011,10,2,1225,3.0
1176,980,2019,12,2,749,2.4
1177,284,2012,6,3,640,3.2
1178,121,2020,11,2,481,3.9
1179,107,2020,12,3,1220,2.0
1180,933,2014,10,2,949,1.6
1181,687,2014,2,4,749,2.1
1182,997,2015,7,1,481,1.0
1183,204,2022,7,4,949,1.5
1184,165,2016,11,3,369,4.0
1185,305,2016,4,3,1297,1.9
1186,497,2010,4,4,1238,5.0
1187,632,2025,1,1,1137,1.7
1188,556,2023,2,1,897,4.2
1189,824,2025,9,5,1166,3.8
1190,156,2011,10,2,975,2.3
1191,367,2021,8,5,937,2.3
1192,719,2018,8,1,640,3.3
1193,902,2019,9,4,824,4.4
1194,620,2011,7,2,673,2.5
1195,251,2015,9,4,737,1.2
1196,957,2020,10,5,650,2.5
1197,916,2020,12,3,937,1.8
1198,882,2025,2,4,1297,4.8
1199,334,2010,6,5,1133,3.8
1200,642,2012,3,5,1133,1.2
1201,969,2011,11,5,1133,2.2
1202,511,2012,6,3,928,1.2
1203,293,2014,3,3,928,4.3
1204,20,2020,8,3,1137,4.6
1205,282,2019,11,2,877,1.4
1206,797,2025,4,3,481,2.8
1207,1,2015,12,3,937,4.7
1208,119,2018,10,3,920,1.6
1209,35,2021,6,4,947,2.2
1210,198,2020,9,3,1280,2.2
1211,485,2024,2,2,841,1.1
1212,757,2024,2,5,737,1.1
1213,59,2025,7,4,1133,4.8
1214,837,2019,2,1,928,3.3
1215,161,2021,2,3,673,2.2
1216,691,2021,4,5,888,2.5
1217,206,2022,9,5,1278,3.9
1218,12,2013,8,4,737,2.5
1219,490,2016,2,1,913,1.9
1220,276,2015,8,2,1225,1.4
1221,693,2011,4,5,1166,3.9
1222,242,2019,2,5,928,1.7
1223,216,2020,11,5,1220,1.3
1224,251,2020,10,5,748,2.7
1225,811,2020,7,4,481,1.2
1226,126,2024,6,1,737,4.9
1227,994,2024,10,5,824,3.5
1228,217,2017,5,2,748,1.6
1229,306,2016,11,2,481,1.7
1230,797,2024,1,3,949,3.3
1231,185,2024,2,5,749,2.4
1232,39,2016,8,5,877,4.1
1233,223,2023,1,5,1220,3.2
1234,184,2024,3,5,650,2.7
1235,495,2017,2,5,928,4.9
1236,427,2021,5,2,1220,2.6
1237,178,2021,4,1,947,2.6
1238,919,2022,7,1,897,3.7
1239,428,2023,5,3,1238,4.2
1240,294,2020,8,2,673,3.5
1241,852,2010,4,5,1238,3.8
1242,151,2024,12,1,481,2.5
1243,384,2022,6,4,877,2.9
1244,638,2010,4,4,369,1.8
1245,813,2017,2,4,897,3.7
1246,308,2013,1,5,1297,1.9
1247,336,2014,1,5,673,1.0
1248,946,2017,8,3,947,4.7
1249,746,2014,4,3,913,2.2
1250,892,2019,5,3,897,1.8
1251,375,2025,11,4,748,2.1
1252,8,2013,8,5,749,2.3
1253,341,2021,12,4,947,2.9
1254,129,2015,7,3,748,1.3
1255,776,2022,8,5,975,1.2
1256,669,2024,8,2,937,2.2
1257,352,2021,6,1,928,2.2
1258,358,2014,10,1,877,1.5
1259,517,2023,2,3,949,2.6
1260,495,2016,6,4,1238,2.1
1261,86,2025,1,2,1278,1.1
1262,175,2023,1,5,369,4.5
1263,802,2019,11,4,1133,4.5
1264,193,2016,3,3,1280,1.8
1265,311,2022,3,4,749,1.7
1266,119,2013,11,3,369,3.2
1267,218,2021,5,1,1297,3.5
1268,427,2022,1,1,824,4.8
1269,970,2014,10,4,949,2.5
1270,414,2022,6,2,1133,3.5
1271,114,2012,7,5,824,4.5
1272,978,2024,10,3,1133,2.8
1273,145,2013,12,5,1220,1.5
1274,538,2024,11,1,841,2.5
1275,648,2023,3,2,1171,1.5
1276,303,2013,4,2,1166,1.1
1277,744,2012,10,5,877,4.0
1278,881,2022,11,1,369,2.0
1279,588,2019,10,5,975,1.0
1280,987,2014,12,4,1220,4.5
1281,840,2025,10,2,1225,2.8
1282,345,2014,10,2,749,2.0
1283,814,2020,10,4,975,2.1
1284,964,2016,3,1,888,2.0
1285,801,2013,1,2,369,1.8
1286,1,2022,8,3,841,4.4
1287,147,2013,10,3,650,1.7
1288,287,2018,10,1,920,3.2
1289,976,2015,2,4,949,1.3
1290,654,2024,1,5,737,4.8
1291,53,2013,8,1,1238,3.4
1292,304,2011,7,5,673,4.6
1293,69,2015,7,1,673,2.6
1294,361,2025,4,3,947,4.2
1295,602,2025,11,4,1278,4.4
1296,958,2011,9,3,640,3.8
1297,220,2014,6,4,1238,1.4
1298,962,2015,2,5,1137,1.1
1299,704,2013,1,1,481,1.7
1300,966,2023,1,2,650,1.5
1301,575,2022,9,2,947,3.9
1302,585,2012,4,4,824,3.2
1303,161,2016,5,4,949,3.1
1304,681,2011,3,3,1225,2.0
1305,89,2022,4,2,841,1.6
1306,688,2020,12,3,1137,1.8
1307,781,2023,8,5,920,2.6
1308,585,2015,4,2,369,4.0
1309,757,2022,9,5,1280,2.0
1310,589,2013,9,1,877,3.8
1311,159,2015,6,3,913,3.0
1312,489,2013,2,4,841,4.5
1313,971,2013,12,2,949,1.9
1314,324,2024,10,3,1171,2.8
1315,610,2013,11,4,1133,1.4
1316,381,2018,7,1,928,2.3
1317,102,2016,9,2,749,3.0
1318,494,2012,6,5,481,3.9
1319,644,2012,3,1,1166,1.8
1320,614,2015,7,4,1220,1.9
1321,19,2015,5,2,748,3.5
1322,454,2013,1,2,949,2.5
1323,482,2024,3,1,748,2.9
1324,594,2024,5,2,920,4.3
1325,397,2018,7,4,749,3.0
1326,279,2013,3,1,913,3.6
1327,851,2018,6,5,369,3.6
1328,365,2025,5,1,1280,4.2
1329,331,2013,1,1,897,3.6
1330,641,2011,10,5,640,1.3
1331,344,2011,6,4,1133,2.4
1332,822,2014,8,3,1278,5.0
1333,455,2013,1,3,737,1.8
1334,601,2016,2,5,949,3.3
1335,725,2023,4,4,920,4.4
1336,655,2020,12,2,650,3.3
1337,65,2014,2,5,1133,2.5
1338,76,2015,11,3,640,1.3
1339,711,2019,9,4,650,2.4
1340,143,2013,10,1,673,1.7
1341,917,2022,8,4,947,4.8
1342,915,2021,8,4,1225,3.9
1343,828,2011,4,3,1220,4.0
1344,605,2022,5,3,841,2.7
1345,473,2019,4,2,749,1.4
1346,417,2018,9,2,888,2.1
1347,305,2019,2,5,1137,2.0
1348,736,2024,11,1,1225,2.9
1349,497,2016,8,2,1238,2.8
1350,291,2013,2,3,640,2.7
1351,940,2012,1,4,1238,3.0
1352,102,2019,10,5,947,4.9
1353,986,2023,3,2,1166,2.2
1354,267,2024,9,4,749,3.5
1355,867,2025,12,4,1225,2.0
1356,968,2012,3,2,369,2.9
1357,622,2018,9,1,913,1.8
1358,974,2014,7,1,1137,3.2
1359,842,2022,10,5,1166,2.1
1360,962,2024,1,1,897,1.1
1361,942,2012,10,5,1220,4.3
1362,777,2024,5,3,888,1.5
1363,3,2014,9,2,640,2.5
1364,85,2025,12,4,947,2.9
1365,794,2011,3,5,1133,2.7
1366,328,2020,9,1,897,3.9
1367,816,2013,5,5,920,3.4
1368,450,2019,9,5,841,2.2
1369,454,2011,10,1,369,1.2
1370,924,2011,6,1,1280,4.1
1371,629,2021,9,2,737,2.4
1372,221,2017,7,4,824,4.6
1373,154,2010,7,2,841,2.6
1374,665,2025,8,2,920,3.9
1375,12,2025,7,1,824,4.8
1376,133,2025,12,1,1166,3.6
1377,994,2023,9,4,913,2.7
1378,304,2016,11,5,877,3.3
1379,293,2014,9,2,748,3.2
1380,975,2024,6,4,1171,3.3
1381,300,2020,7,2,1225,1.6
1382,740,2017,2,5,1297,3.8
1383,783,2010,9,2,481,1.6
1384,43,2020,12,3,913,1.1
1385,944,2016,1,4,737,3.5
1386,343,2014,1,1,673,1.5
1387,326,2013,3,2,673,4.1
1388,814,2016,12,4,1280,4.5
1389,498,2019,6,4,949,4.8
1390,364,2024,5,2,949,3.7
1391,891,2011,2,1,737,2.9
1392,427,2021,9,1,1278,2.4
1393,21,2024,10,2,1225,3.0
1394,407,2010,4,4,1280,1.8
1395,619,2010,4,1,841,2.4
1396,336,2020,5,2,1166,3.9
1397,815,2021,8,2,913,1.9
1398,117,2025,10,2,937,2.1
1399,124,2010,4,4,1297,4.0
1400,399,2024,5,1,640,1.7
1401,793,2021,12,4,1278,2.0
1402,804,2014,4,3,369,1.1
1403,715,2019,6,1,841,3.9
1404,51,2016,12,4,640,3.5
1405,783,2011,3,1,673,3.8
1406,324,2019,8,3,1220,1.9
1407,789,2017,6,5,949,3.7
1408,141,2013,10,2,841,3.4
1409,470,2021,5,4,1297,2.5
1410,787,2012,2,3,1225,2.8
1411,802,2019,10,3,1220,3.3
1412,334,2020,10,1,928,3.0
1413,893,2017,7,1,369,3.6
1414,964,2011,2,2,737,1.7
1415,373,2020,1,1,824,3.2
1416,564,2020,7,4,1278,2.8
1417,494,2022,5,4,673,2.8
1418,539,2012,1,4,1238,2.9
1419,669,2021,4,5,913,4.5
1420,751,2012,12,4,841,4.3
1421,156,2019,4,1,481,3.5
1422,291,2020,10,1,673,3.9
1423,648,2010,7,4,369,1.2
1424,144,2015,9,3,1220,4.0
1425,106,2011,2,3,841,2.9
1426,420,2010,12,3,1280,2.3
1427,670,2025,1,2,1225,1.6
1428,658,2011,2,5,1220,1.3
1429,2,2021,7,4,1137,1.2
1430,945,2015,10,2,1238,1.6
1431,589,2023,6,3,824,1.1
1432,644,2013,4,4,1297,3.9
1433,90,2015,1,2,640,2.0
1434,345,2021,1,1,920,2.5
1435,350,2018,5,3,650,4.3
1436,459,2025,1,2,897,1.5
1437,263,2022,12,1,737,4.3
1438,351,2019,7,3,975,3.6
1439,108,2021,11,5,937,2.4
1440,586,2019,1,3,1166,1.5
1441,39,2017,1,5,673,1.4
1442,909,2010,2,5,1297,2.3
1443,159,2022,11,5,920,1.6
1444,583,2017,12,4,749,2.1
1445,959,2018,10,4,1220,1.2
1446,312,2015,3,5,673,3.4
1447,241,2019,11,1,1171,1.6
1448,938,2024,1,5,897,4.0
1449,445,2014,9,2,369,1.9
1450,298,2015,10,5,369,4.2
1451,952,2025,8,4,748,1.8
1452,36,2022,5,4,1137,3.9
1453,84,2015,11,2,673,2.3
1454,452,2018,2,2,913,3.3
1455,886,2013,5,3,920,1.2
1456,775,2011,6,1,1133,3.0
1457,822,2020,1,1,1297,1.6
1458,385,2020,11,1,1220,2.9
1459,172,2018,4,4,937,1.6
1460,376,2025,9,1,1171,2.7
1461,685,2011,2,3,947,1.4
1462,362,2025,5,3,748,1.9
1463,559,2019,1,1,1137,3.4
1464,891,2018,4,2,1225,4.9
1465,141,2011,4,3,947,2.8
1466,887,2021,6,2,1278,3.7
1467,918,2017,10,4,1280,3.2
1468,118,2018,9,3,949,3.0
1469,277,2021,3,2,975,1.3
1470,726,2019,9,1,748,1.6
1471,220,2018,6,4,749,4.5
1472,905,2019,7,5,897,2.6
1473,26,2025,12,5,1238,3.5
1474,521,2018,10,1,947,3.1
1475,783,2011,2,4,1171,2.5
1476,10,2025,11,4,877,2.6
1477,984,2013,10,4,824,3.2
1478,378,2016,6,4,1166,1.6
1479,633,2021,6,5,369,2.5
1480,637,2011,2,2,1137,2.8
1481,682,2010,2,4,749,4.9
1482,584,2012,2,2,1133,2.4
1483,152,2021,10,4,888,3.6
1484,720,2013,12,3,481,1.5
1485,49,2017,1,3,920,1.3
1486,154,2015,5,3,1133,4.5
1487,859,2020,8,4,1171,3.9
1488,293,2011,2,2,947,2.3
1489,580,2024,5,5,937,3.0
1490,50,2018,12,1,920,1.5
1491,664,2023,8,5,975,3.8
1492,531,2011,10,4,975,1.3
1493,612,2022,5,3,824,4.0
1494,60,2024,2,3,640,3.2
1495,167,2021,3,2,975,2.1
1496,202,2014,6,4,949,4.5
1497,857,2021,11,5,947,4.9
1498,146,2013,11,4,975,2.0
1499,915,2022,5,4,1297,4.2
1500,676,2016,11,3,749,4.0
1501,970,2017,4,5,369,4.0
1502,993,2014,4,1,1171,4.8
1503,439,2019,5,3,1171,2.9
1504,242,2023,2,5,920,3.7
1505,581,2023,9,2,949,4.3
1506,687,2014,2,3,1297,2.9
1507,561,2011,10,2,1225,2.9
1508,483,2017,2,3,841,2.3
1509,108,2023,10,4,888,4.1
1510,226,2011,9,5,1278,3.7
1511,673,2025,3,2,737,2.8
1512,631,2019,10,3,1280,2.7
1513,661,2021,7,2,897,1.3
1514,977,2015,4,3,650,1.0
1515,662,2017,6,3,897,3.1
1516,432,2015,4,1,937,2.7
1517,805,2013,10,1,1297,4.2
1518,655,2022,7,1,369,3.2
1519,419,2013,1,2,673,4.7
1520,988,2015,3,4,1278,1.8
1521,455,2023,3,3,1171,5.0
1522,160,2024,1,5,937,2.2
1523,523,2025,6,1,947,3.6
1524,650,2022,11,2,748,3.0
1525,969,2013,9,2,928,2.4
1526,590,2017,8,2,749,1.6
1527,77,2018,11,5,888,1.5
1528,509,2025,7,5,913,3.8
1529,441,2010,10,1,949,2.5
1530,254,2022,8,5,877,4.8
1531,921,2013,6,1,888,2.3
1532,770,2013,9,5,897,4.9
1533,320,2011,3,5,749,1.8
1534,803,2015,10,5,369,1.4
1535,263,2012,10,1,824,2.3
1536,597,2016,9,3,1278,4.5
1537,658,2025,4,1,481,3.1
1538,835,2022,7,3,913,1.5
1539,554,2020,9,2,897,1.8
1540,374,2025,2,2,928,2.2
1541,637,2020,2,1,481,3.4
1542,167,2014,9,3,650,2.3
1543,937,2013,12,3,888,4.0
1544,753,2014,3,3,928,3.5
1545,459,2017,9,2,841,4.5
1546,999,2012,5,1,640,3.0
1547,280,2023,6,4,650,2.3
1548,700,2016,2,3,737,5.0
1549,302,2024,8,3,1166,2.4
1550,531,2023,11,4,673,2.7
1551,580,2015,9,1,947,4.2
1552,218,2021,2,3,640,1.4
1553,102,2025,6,1,841,2.5
1554,554,2010,6,3,877,1.3
1555,288,2022,8,5,949,1.6
1556,167,2016,10,3,913,1.0
1557,621,2023,12,5,1133,1.0
1558,36,2022,5,1,1278,2.5
1559,744,2016,9,3,877,4.2
1560,741,2023,1,2,1278,3.3
1561,353,2025,9,2,1133,3.5
1562,676,2024,10,4,650,3.1
1563,899,2021,7,2,1171,4.3
1564,73,2010,4,5,1137,4.5
1565,648,2018,3,2,737,4.4
1566,353,2015,10,2,937,4.2
1567,891,2024,11,2,1137,1.7
1568,70,2021,6,3,949,3.4
1569,425,2011,12,4,897,3.3
1570,999,2014,1,1,1137,3.1
1571,708,2022,3,4,841,2.9
1572,781,2020,2,5,1280,1.4
1573,561,2013,11,3,877,1.4
1574,828,2016,9,3,1280,4.6
1575,642,2017,3,2,737,3.5
1576,956,2025,2,2,481,2.0
1577,517,2020,4,5,369,2.1
1578,428,2023,2,3,877,3.4
1579,539,2024,1,1,928,2.6
1580,160,2020,6,4,640,2.8
1581,149,2010,10,3,673,1.2
1582,776,2014,8,1,920,1.6
1583,230,2024,10,1,920,2.6
1584,712,2012,10,4,650,3.8
1585,562,2010,2,1,1166,1.2
1586,67,2021,9,5,650,2.3
1587,812,2012,3,1,749,3.8
1588,381,2023,8,5,748,4.2
1589,58,2015,12,1,1225,1.8
1590,259,2023,8,2,1220,3.9
1591,342,2016,3,1,937,4.8
1592,838,2025,3,5,920,4.6
1593,130,2017,12,1,673,4.2
1594,727,2022,6,1,897,3.8
1595,172,2020,1,1,650,1.9
1596,770,2013,4,5,1137,3.5
1597,614,2012,1,1,937,3.6
1598,209,2014,3,4,1137,2.6
1599,803,2018,9,4,937,3.0
1600,354,2022,5,5,913,3.8
1601,471,2015,12,2,913,4.8
1602,798,2024,5,4,937,2.2
1603,116,2018,11,3,749,2.0
1604,264,2024,4,4,481,3.4
1605,662,2015,3,3,1225,1.5
1606,812,2011,5,5,897,3.3
1607,442,2022,11,2,1297,1.4
1608,548,2014,4,3,1137,3.0
1609,453,2021,8,3,928,3.5
1610,845,2020,4,4,1297,1.3
1611,477,2018,11,3,928,1.8
1612,287,2017,12,5,737,2.3
1613,303,2016,8,5,1137,2.5
1614,311,2010,6,5,1171,3.7
1615,208,2013,12,4,650,3.1
1616,618,2021,11,2,640,2.5
1617,446,2016,5,4,737,2.8
1618,670,2025,4,5,650,1.1
1619,633,2020,4,4,947,4.1
1620,55,2016,12,5,737,1.2
1621,912,2024,4,1,1225,4.3
1622,12,2015,11,1,673,3.2
1623,657,2017,9,3,1238,3.1
1624,400,2020,4,2,824,3.8
1625,908,2022,12,1,877,4.4
1626,648,2015,9,5,737,4.8
1627,980,2019,10,4,1297,3.2
1628,515,2025,6,4,928,1.6
1629,656,2012,10,3,949,4.5
1630,542,2013,7,4,877,1.2
1631,237,2023,12,1,1133,4.2
1632,279,2012,10,4,920,3.7
1633,348,2010,3,1,1225,4.6
1634,627,2024,8,1,1171,4.6
1635,104,2019,3,2,824,1.2
1636,630,2014,1,3,1171,3.4
1637,517,2024,10,5,949,1.5
1638,980,2010,12,1,1220,1.3
1639,872,2010,5,3,949,2.8
1640,248,2011,2,5,1171,1.4
1641,364,2022,10,4,1225,3.9
1642,321,2013,6,3,824,4.9
1643,633,2015,10,3,1166,3.3
1644,286,2017,9,3,650,1.9
1645,149,2022,1,4,841,4.4
1646,84,2025,4,4,824,4.4
1647,966,2012,1,3,949,3.9
1648,406,2010,1,2,920,3.5
1649,978,2012,8,1,949,4.5
1650,456,2021,11,4,481,1.7
1651,743,2012,2,2,841,4.7
1652,800,2014,1,4,949,4.8
1653,161,2020,11,3,937,4.5
1654,784,2021,8,2,975,2.0
1655,460,2021,4,5,1171,4.4
1656,550,2013,3,1,1133,3.0
1657,500,2022,12,1,481,3.4
1658,738,2013,4,4,949,4.4
1659,509,2018,11,1,937,1.1
1660,654,2016,5,5,947,2.5
1661,804,2013,1,2,937,4.3
1662,481,2012,11,2,481,4.3
1663,663,2015,1,3,949,4.4
1664,114,2012,3,2,369,1.7
1665,749,2015,6,4,877,3.8
1666,578,2020,1,5,1220,1.6
1667,361,2022,11,3,841,4.1
1668,341,2020,12,4,673,2.0
1669,770,2022,2,4,928,4.0
1670,987,2022,12,4,1171,2.8
1671,761,2021,7,1,673,4.9
1672,969,2018,1,4,1171,3.3
1673,449,2015,7,1,1166,3.5
1674,843,2021,4,2,888,2.5
1675,835,2013,10,1,650,3.9
1676,180,2024,6,4,1166,3.0
1677,702,2014,8,5,737,1.1
1678,407,2022,9,5,949,3.4
1679,666,2015,6,2,824,4.3
1680,196,2020,12,4,888,1.9
1681,466,2012,11,1,1225,1.9
1682,311,2017,9,5,920,3.4
1683,262,2013,4,3,928,4.3
1684,419,2017,6,4,897,2.0
1685,406,2019,8,4,1220,4.7
1686,939,2019,9,3,1297,4.7
1687,143,2025,3,5,1133,1.8
1688,342,2012,2,3,1171,2.1
1689,316,2019,6,2,748,3.8
1690,101,2016,4,1,1220,4.8
1691,244,2020,1,1,1166,3.8
1692,490,2022,8,5,975,2.8
1693,12,2021,9,3,650,1.7
1694,239,2018,9,4,877,2.8
1695,561,2013,2,4,749,3.4
1696,42,2017,9,4,737,2.3
1697,678,2012,7,2,1220,3.0
1698,594,2025,5,2,1297,1.5
1699,429,2016,7,4,841,2.8
1700,803,2012,9,5,1297,1.4
1701,158,2021,8,2,748,1.2
1702,216,2024,6,2,748,4.4
1703,670,2024,4,1,650,1.8
1704,462,2016,1,1,640,3.3
1705,134,2023,6,5,1171,1.6
1706,67,2020,3,2,748,2.1
1707,848,2019,6,2,650,2.4
1708,7,2019,6,3,897,1.6
1709,948,2020,4,5,975,1.2
1710,526,2020,2,5,937,4.5
1711,73,2015,9,3,1238,1.0
1712,399,2011,2,3,748,1.2
1713,405,2020,3,1,937,4.2
1714,675,2012,10,5,1225,2.1
1715,578,2025,1,5,1225,3.9
1716,859,2015,7,3,650,1.6
1717,130,2023,1,4,877,1.9
1718,931,2013,11,4,1297,3.3
1719,466,2015,9,1,640,5.0
1720,206,2010,11,4,877,1.3
1721,788,2019,11,4,640,2.6
1722,978,2021,1,4,888,1.2
1723,768,2010,5,2,369,1.8
1724,266,2012,7,1,650,4.6
1725,537,2017,3,3,913,1.4
1726,962,2017,9,4,369,4.4
1727,793,2020,8,2,913,1.7
1728,253,2013,3,4,897,4.4
1729,822,2015,5,2,897,3.2
1730,289,2024,7,1,1171,4.5
1731,164,2017,12,4,920,1.6
1732,95,2016,4,2,937,4.0
1733,782,2020,5,5,888,3.7
1734,833,2016,3,5,1297,3.2
1735,110,2022,9,2,1137,4.2
1736,336,2013,10,4,1166,3.6
1737,822,2018,9,4,1225,4.5
1738,238,2021,7,1,913,2.5
1739,381,2019,10,1,888,3.4
1740,436,2015,2,3,947,4.5
1741,899,2023,7,1,650,1.9
1742,483,2021,7,4,1238,2.9
1743,937,2020,11,3,913,4.8
1744,902,2012,5,1,949,2.9
1745,25,2014,9,2,1280,2.0
1746,653,2014,12,5,897,2.4
1747,117,2023,11,1,1220,4.5
1748,482,2014,3,1,1297,4.8
1749,392,2017,4,2,1166,4.8
1750,917,2025,1,4,947,3.8
1751,994,2018,6,2,877,3.0
1752,964,2022,4,1,1278,1.7
1753,537,2018,1,4,737,1.5
1754,79,2022,2,3,824,1.2
1755,580,2015,3,1,888,1.1
1756,173,2015,9,2,949,4.5
1757,956,2018,8,3,913,4.2
1758,12,2013,7,5,920,3.3
1759,800,2015,11,3,877,5.0
1760,128,2013,12,2,737,4.8
1761,608,2020,4,3,913,3.6
1762,92,2025,1,2,640,2.9
1763,653,2010,8,1,949,1.6
1764,543,2016,4,4,975,3.1
1765,846,2023,3,5,1220,1.6
1766,532,2019,9,4,877,2.6
1767,658,2020,10,4,1280,4.8
1768,989,2021,4,4,1171,2.4
1769,828,2015,4,2,937,1.6
1770,447,2018,9,2,1280,3.3
1771,390,2016,12,5,1278,3.4
1772,672,2022,11,2,1238,1.8
1773,861,2016,12,2,937,1.8
1774,43,2011,2,2,1166,5.0
1775,254,2021,12,2,640,2.0
1776,130,2020,5,1,913,4.4
1777,60,2024,4,5,1238,2.9
1778,663,2018,9,2,748,2.7
1779,467,2019,12,5,1220,2.2
1780,287,2018,5,3,949,4.1
1781,517,2015,9,1,640,4.5
1782,467,2022,11,2,481,2.0
1783,930,2012,9,1,1225,1.4
1784,778,2010,2,1,937,1.5
1785,345,2013,9,3,824,4.2
1786,642,2023,3,5,1137,2.7
1787,382,2023,4,1,737,1.5
1788,779,2012,1,4,1171,2.4
1789,690,2023,1,3,1238,3.1
1790,253,2021,1,4,1133,4.4
1791,927,2010,9,3,824,3.6
1792,56,2012,11,4,1238,1.7
1793,463,2025,8,4,673,1.6
1794,457,2023,5,1,481,2.6
1795,983,2023,5,1,1137,1.3
1796,83,2013,9,3,920,4.0
1797,905,2022,3,5,824,2.6
1798,99,2022,3,1,949,2.4
1799,149,2024,7,1,841,3.0
1800,329,2023,9,2,650,3.8
1801,156,2017,6,1,841,3.3
1802,190,2018,2,5,1238,4.2
1803,494,2012,1,2,749,3.5
1804,883,2015,2,4,1137,4.2
1805,263,2019,1,4,897,3.8
1806,80,2020,10,2,748,1.8
1807,400,2024,10,2,748,1.2
1808,764,2014,9,2,650,4.6
1809,609,2025,10,3,920,4.8
1810,260,2015,12,5,888,3.9
1811,772,2013,8,5,928,3.9
1812,615,2019,7,4,737,2.1
1813,552,2015,3,4,1278,3.2
1814,785,2025,8,4,824,5.0
1815,101,2016,2,1,640,4.4
1816,359,2018,2,4,749,2.2
1817,380,2019,11,2,748,2.2
1818,820,2016,10,4,650,2.9
1819,221,2015,3,2,1225,2.6
1820,820,2010,7,3,897,2.5
1821,420,2011,1,1,949,3.5
1822,124,2010,8,1,1297,1.0
1823,422,2018,12,5,748,4.1
1824,231,2019,7,3,841,4.0
1825,690,2019,4,2,1220,4.3
1826,63,2018,5,3,888,4.4
1827,485,2016,10,1,1225,3.3
1828,628,2025,1,2,640,4.1
1829,703,2022,4,3,1225,3.0
1830,574,2011,1,1,1220,4.8
1831,768,2015,1,2,1280,1.8
1832,483,2020,10,2,1171,4.7
1833,519,2013,1,1,888,2.0
1834,155,2010,7,2,949,1.4
1835,92,2010,7,1,920,2.8
1836,982,2021,4,4,749,3.5
1837,526,2014,12,4,888,1.9
1838,455,2021,2,2,975,3.2
1839,741,2011,12,2,737,4.2
1840,598,2013,3,1,1278,2.0
1841,645,2010,8,2,841,3.3
1842,510,2013,8,5,481,2.4
1843,183,2020,11,4,1171,3.1
1844,386,2015,11,2,897,3.7
1845,574,2019,6,2,1220,2.4
1846,731,2013,10,3,748,5.0
1847,405,2010,9,2,749,3.3
1848,246,2016,11,5,1166,4.3
1849,742,2023,12,4,928,3.9
1850,591,2011,9,3,877,4.4
1851,661,2018,4,1,1225,1.7
1852,650,2022,12,1,650,1.9
1853,471,2012,1,4,937,2.9
1854,826,2017,1,1,928,4.4
1855,888,2022,12,5,949,1.8
1856,423,2017,10,2,1166,4.9
1857,901,2012,5,4,1238,1.5
1858,65,2013,2,3,877,1.7
1859,13,2011,6,2,748,1.7
1860,213,2013,7,1,1238,3.3
1861,986,2020,1,1,897,4.7
1862,242,2020,6,3,949,2.0
1863,493,2020,8,5,937,3.2
1864,213,2025,12,3,1225,1.7
1865,693,2023,5,4,1220,3.5
1866,338,2018,12,3,1278,1.5
1867,997,2011,7,1,1137,3.0
1868,173,2021,10,5,897,3.6
1869,672,2021,6,5,1280,3.3
1870,164,2022,4,3,888,1.6
1871,465,2025,7,4,748,1.6
1872,995,2012,10,1,369,3.7
1873,497,2024,9,2,369,4.2
1874,700,2020,10,5,975,4.6
1875,395,2020,10,3,1166,4.3
1876,703,2024,7,4,913,4.9
1877,917,2013,12,4,1238,2.6
1878,308,2014,5,1,920,2.3
1879,768,2010,7,5,877,1.1
1880,183,2016,3,1,1171,2.8
1881,629,2025,2,2,1225,3.6
1882,794,2023,11,2,824,4.3
1883,510,2019,5,2,937,2.1
1884,708,2025,4,4,650,3.1
1885,546,2016,5,5,975,3.6
1886,564,2018,8,1,949,3.2
1887,624,2013,12,1,748,2.1
1888,764,2023,4,2,369,4.2
1889,594,2023,9,5,824,1.7
1890,744,2015,7,5,897,4.6
1891,227,2020,10,3,1171,4.8
1892,745,2011,12,5,481,2.5
1893,733,2021,7,5,481,2.5
1894,436,2021,8,1,1171,4.0
1895,925,2023,12,5,1238,2.8
1896,422,2013,6,5,1297,1.1
1897,554,2011,8,1,920,4.7
1898,21,2019,3,5,937,2.7
1899,554,2014,10,1,897,1.8
1900,397,2024,10,3,748,3.2
1901,625,2016,1,4,824,1.9
1902,105,2022,6,1,888,1.8
1903,192,2010,1,1,640,3.2
1904,17,2024,9,5,1166,2.6
1905,120,2019,2,1,1137,3.3
1906,393,2019,11,2,920,5.0
1907,425,2016,2,2,748,4.4
1908,129,2019,7,3,1166,1.0
1909,130,2022,2,1,1225,1.2
1910,572,2015,10,5,369,3.4
1911,560,2015,8,5,913,3.5
1912,29,2021,6,4,949,4.5
1913,97,2017,7,3,928,3.5
1914,10,2017,7,5,841,1.9
1915,242,2015,6,4,369,2.9
1916,826,2012,10,5,673,4.2
1917,956,2014,11,4,640,4.7
1918,232,2011,9,2,937,1.9
1919,789,2024,9,2,947,3.2
1920,284,2023,7,5,1225,1.6
1921,715,2014,9,3,1133,3.0
1922,759,2023,10,1,1238,1.4
1923,802,2018,3,3,949,4.8
1924,776,2019,3,3,1137,3.6
1925,955,2010,1,1,1220,4.4
1926,726,2019,5,2,1137,5.0
1927,200,2014,4,2,947,1.7
1928,945,2021,2,1,928,3.8
1929,79,2015,9,4,481,4.5
1930,913,2023,3,3,920,3.3
1931,956,2020,8,5,897,3.6
1932,855,2016,6,2,897,2.6
1933,856,2018,5,5,928,3.7
1934,173,2015,1,1,749,2.6
1935,467,2014,4,5,877,2.9
1936,581,2021,3,5,749,1.4
1937,416,2016,1,3,1137,1.0
1938,940,2022,12,1,841,1.2
1939,449,2010,5,5,1166,1.8
1940,87,2020,6,2,369,2.8
1941,101,2023,2,1,888,1.1
1942,8,2014,3,2,824,1.6
1943,845,2024,11,4,673,4.1
1944,200,2011,6,5,824,4.0
1945,505,2013,4,1,928,4.2
1946,87,2016,9,2,947,4.7
1947,43,2014,5,5,1297,1.5
1948,385,2021,4,3,749,1.7
1949,621,2015,2,2,1166,2.3
1950,435,2011,6,2,877,4.7
1951,408,2012,10,4,1297,4.1
1952,483,2016,2,3,975,2.3
1953,664,2020,12,4,949,1.4
1954,17,2011,7,3,650,3.5
1955,645,2021,3,2,975,2.0
1956,148,2015,9,4,1225,3.1
1957,277,2014,11,5,841,4.8
1958,232,2019,5,3,1171,3.3
1959,826,2010,8,2,897,4.7
1960,927,2021,11,1,1280,2.6
1961,366,2020,6,3,975,3.5
1962,228,2024,12,3,913,4.6
1963,651,2019,10,5,1133,3.4
1964,436,2020,8,3,481,3.5
1965,399,2013,11,3,1280,3.9
1966,211,2020,12,5,650,4.5
1967,391,2011,3,5,748,1.4
1968,499,2013,3,4,949,2.3
1969,540,2010,5,2,1297,2.6
1970,563,2011,11,2,1297,4.6
1971,491,2022,10,4,937,4.8
1972,442,2017,3,2,928,1.5
1973,261,2015,8,3,897,1.5
1974,773,2011,10,4,1171,4.7
1975,350,2021,12,4,1171,2.2
1976,352,2024,8,2,1137,2.0
1977,520,2015,2,1,1166,1.1
1978,320,2019,12,2,1225,2.1
1979,138,2018,4,1,1238,3.8
1980,550,2016,10,4,947,2.7
1981,623,2018,1,1,1133,3.1
1982,992,2014,4,3,888,4.7
1983,368,2016,12,5,1166,1.5
1984,220,2020,11,1,1220,1.3
1985,337,2025,4,5,369,4.4
1986,223,2024,10,3,920,4.1
1987,648,2023,9,5,640,2.1
1988,768,2016,3,3,737,2.3
1989,360,2021,2,5,913,2.2
1990,921,2025,9,5,1166,3.6
1991,329,2021,9,2,737,1.2
1992,962,2012,1,1,369,3.0
1993,463,2016,6,5,975,1.5
1994,946,2010,10,4,737,4.3
1995,963,2018,8,2,749,2.5
1996,561,2019,3,1,1225,3.1
1997,804,2022,11,2,920,1.1
1998,382,2015,9,1,913,1.2
1999,836,2025,2,3,928,3.7
2000,590,2014,6,5,975,4.1
2001,617,2016,1,4,1166,3.8
2002,169,2014,7,2,928,3.9
2003,217,2019,3,2,1238,1.4
2004,378,2014,7,2,949,3.8
2005,119,2025,4,2,1171,1.7
2006,190,2020,9,5,369,1.4
2007,767,2019,5,1,650,4.0
2008,370,2020,3,5,1171,4.6
2009,778,2016,8,3,841,3.9
2010,149,2019,6,5,975,4.2
2011,676,2024,2,5,947,5.0
2012,652,2016,3,3,481,1.5
2013,859,2022,8,5,650,4.9
2014,488,2020,10,1,920,3.4
2015,770,2024,7,4,1280,4.3
2016,374,2012,10,3,650,3.6
2017,781,2012,6,2,928,3.3
2018,693,2019,1,1,920,3.8
2019,160,2021,9,4,947,2.3
2020,351,2022,3,1,748,4.7
2021,912,2024,5,1,920,1.5
2022,288,2012,7,2,1137,2.3
2023,288,2015,7,4,877,1.1
2024,892,2021,3,1,949,2.1
2025,226,2024,4,2,749,1.9
2026,523,2015,10,3,1171,1.2
2027,522,2022,7,2,369,3.0
2028,783,2022,8,5,640,2.9
2029,273,2012,2,2,673,1.3
2030,936,2012,9,2,947,2.0
2031,402,2017,7,2,888,4.8
2032,183,2017,8,1,888,1.4
2033,969,2016,6,4,1133,2.2
2034,665,2019,6,2,1238,1.1
2035,488,2013,9,2,1225,1.6
2036,827,2024,4,5,949,3.8
2037,846,2013,11,5,824,2.5
2038,124,2012,11,3,877,2.8
2039,985,2014,5,3,937,1.6
2040,626,2012,9,5,928,3.7
2041,790,2022,1,4,650,4.0
2042,414,2017,4,3,841,1.7
2043,980,2016,7,4,1137,1.2
2044,725,2025,11,5,920,1.3
2045,172,2022,9,3,1220,3.6
2046,288,2012,11,2,949,1.5
2047,435,2025,12,5,640,3.0
2048,686,2018,10,3,1278,1.6
2049,113,2021,6,4,1133,1.7
2050,888,2023,12,4,1166,1.0
2051,917,2022,8,3,1297,2.3
2052,995,2014,9,4,673,1.4
2053,122,2018,10,3,877,2.6
2054,544,2016,4,3,1171,3.4
2055,222,2024,1,4,673,2.5
2056,631,2016,8,1,748,3.8
2057,39,2015,2,2,737,4.0
2058,497,2011,11,5,1297,3.8
2059,780,2018,1,2,1225,4.7
2060,233,2015,7,5,897,1.9
2061,943,2017,12,5,481,1.8
2062,530,2010,10,2,949,3.4
2063,149,2014,9,3,877,3.4
2064,397,2021,11,4,1238,3.0
2065,661,2010,12,1,975,1.0
2066,638,2019,12,1,673,3.2
2067,904,2020,9,1,824,4.7
2068,302,2025,3,2,737,2.3
2069,360,2023,6,2,937,4.9
2070,238,2017,7,3,949,2.4
2071,647,2017,10,1,1166,1.6
2072,663,2010,9,3,749,2.6
2073,236,2018,2,1,748,3.0
2074,736,2011,8,2,673,3.5
2075,203,2021,7,4,920,3.0
2076,256,2018,4,4,841,3.1
2077,598,2010,2,4,1171,1.1
2078,662,2021,8,4,928,2.0
2079,235,2019,11,5,824,2.2
2080,345,2023,5,1,748,4.9
2081,534,2025,6,4,877,2.2
2082,860,2023,11,5,824,4.6
2083,797,2018,7,5,937,2.2
2084,781,2013,10,5,1297,1.4
2085,466,2018,1,3,824,2.0
2086,770,2016,8,3,640,2.1
2087,541,2020,4,5,1137,4.9
2088,213,2015,9,4,749,3.7
2089,463,2024,1,1,949,4.7
2090,436,2014,11,2,975,4.3
2091,283,2020,2,3,928,3.3
2092,562,2018,6,4,748,3.7
2093,607,2011,11,4,1278,3.5
2094,463,2023,10,2,748,3.7
2095,407,2022,11,2,975,2.1
2096,88,2020,1,4,1220,2.6
2097,44,2023,4,2,897,3.4
2098,461,2021,8,4,640,1.1
2099,278,2011,10,2,888,2.9
2100,683,2020,5,2,1171,4.4
2101,421,2021,9,4,749,3.0
2102,701,2024,11,5,897,3.2
2103,353,2018,11,4,975,1.8
2104,696,2021,6,1,928,4.2
2105,515,2012,1,2,748,2.4
2106,703,2017,6,3,650,4.8
2107,630,2020,6,2,1280,5.0
2108,19,2025,6,1,888,4.7
2109,23,2024,8,3,937,1.3
2110,413,2018,6,3,369,2.3
2111,30,2017,5,4,1297,4.8
2112,807,2025,11,5,937,4.2
2113,108,2013,2,4,481,4.6
2114,367,2021,4,3,737,3.3
2115,281,2010,10,3,888,2.9
2116,128,2013,5,5,1225,1.4
2117,229,2023,10,2,877,4.4
2118,111,2018,4,5,1133,4.0
2119,136,2011,2,4,877,1.2
2120,362,2025,7,2,947,1.8
2121,186,2012,10,4,749,3.2
2122,656,2019,10,5,1220,3.7
2123,584,2017,2,2,748,1.6
2124,129,2015,1,5,1278,2.0
2125,876,2025,5,1,913,1.8
2126,261,2017,12,3,928,1.9
2127,515,2025,1,2,888,4.7
2128,449,2016,1,3,824,3.9
2129,900,2023,1,1,975,3.9
2130,104,2022,6,2,1280,4.2
2131,483,2022,9,3,1166,2.4
2132,224,2014,10,3,1133,4.1
2133,832,2018,11,2,928,4.9
2134,874,2013,12,3,1133,3.8
2135,866,2015,1,3,949,2.7
2136,491,2011,5,2,928,3.9
2137,473,2024,9,3,824,4.6
2138,10,2011,9,3,897,1.5
2139,405,2011,1,4,1225,2.1
2140,896,2019,8,4,673,4.7
2141,302,2016,1,1,1137,4.8
2142,231,2022,8,4,949,2.9
2143,731,2011,1,4,841,2.5
2144,923,2024,12,1,748,2.1
2145,66,2024,5,3,824,3.0
2146,937,2021,8,3,1220,4.7
2147,112,2024,6,4,913,1.6
2148,13,2022,9,1,920,2.7
2149,393,2011,1,3,897,4.6
2150,500,2024,9,5,841,2.4
2151,932,2018,1,2,913,4.1
2152,598,2016,10,2,1225,2.6
2153,234,2020,10,2,1133,4.2
2154,602,2012,3,4,1166,4.9
2155,314,2012,1,2,1280,2.6
2156,566,2016,3,2,888,4.4
2157,12,2014,12,5,1278,5.0
2158,209,2019,11,3,1280,4.9
2159,974,2023,2,5,949,2.7
2160,14,2023,2,4,737,2.9
2161,633,2015,9,2,888,2.2
2162,418,2022,8,3,1171,2.3
2163,437,2021,1,2,897,3.0
2164,377,2017,12,2,749,1.8
2165,20,2018,4,4,928,3.8
2166,587,2010,1,2,481,3.1
2167,912,2012,1,1,1137,4.6
2168,755,2020,12,3,748,4.2
2169,735,2016,12,3,888,2.3
2170,70,2015,4,1,748,3.0
2171,824,2016,2,4,949,4.0
2172,211,2017,3,2,913,1.8
2173,101,2015,11,2,1297,1.1
2174,698,2012,9,3,824,4.4
2175,132,2011,2,4,947,1.6
2176,623,2021,4,4,877,4.6
2177,381,2016,1,4,928,4.7
2178,132,2021,2,2,949,2.8
2179,20,2021,5,4,877,4.2
2180,906,2021,10,1,947,2.5
2181,536,2020,1,5,877,4.4
2182,227,2010,11,4,1220,4.3
2183,154,2012,7,5,650,1.3
2184,805,2021,4,2,947,3.3
2185,742,2020,6,4,949,3.6
2186,469,2013,8,3,897,1.0
2187,822,2022,6,2,650,4.9
2188,1000,2023,2,1,1297,2.6
2189,871,2010,1,1,841,3.1
2190,405,2014,8,5,1280,1.8
2191,202,2019,8,5,1137,3.4
2192,38,2012,9,3,673,4.2
2193,942,2011,6,3,640,3.3
2194,772,2024,12,1,928,4.2
2195,188,2012,1,4,1225,3.9
2196,57,2017,9,1,749,2.0
2197,941,2025,12,1,1171,2.7
2198,20,2015,3,3,748,1.6
2199,273,2022,11,5,949,1.2
2200,119,2023,6,3,913,1.3
2201,583,2016,10,3,920,4.8
2202,516,2021,10,3,937,4.9
2203,221,2015,11,1,1133,1.4
2204,526,2015,12,4,369,2.3
2205,515,2025,9,1,737,1.5
2206,728,2021,11,2,1238,4.3
2207,741,2025,3,3,1166,3.0
2208,336,2012,5,3,920,3.5
2209,698,2021,5,2,888,3.2
2210,55,2022,10,3,1133,3.8
2211,500,2023,7,3,975,2.3
2212,900,2017,4,3,481,1.5
2213,888,2021,11,2,673,1.1
2214,766,2016,4,1,824,2.8
2215,536,2016,7,3,975,4.6
2216,162,2015,9,4,913,2.2
2217,670,2014,11,2,947,1.8
2218,594,2019,4,5,1280,4.7
2219,915,2017,4,2,1137,1.4
2220,159,2014,6,1,749,1.2
2221,188,2018,6,2,481,4.5
2222,60,2018,7,5,824,3.8
2223,915,2010,1,4,748,2.7
2224,817,2015,11,5,1297,4.0
2225,319,2016,3,2,1280,4.0
2226,878,2012,9,5,947,1.2
2227,211,2025,6,2,1238,3.7
2228,406,2016,6,4,928,3.6
2229,664,2020,5,4,1133,4.9
2230,109,2020,11,1,673,4.9
2231,76,2016,3,4,1166,2.5
2232,542,2025,11,3,1280,3.4
2233,314,2023,5,5,920,1.6
2234,998,2022,1,5,673,1.3
2235,117,2020,3,2,877,2.7
2236,927,2011,4,4,1297,3.8
2237,868,2016,5,1,1137,3.3
2238,704,2024,10,1,913,2.7
2239,19,2010,9,1,1220,4.3
2240,432,2014,4,3,949,4.2
2241,685,2018,3,4,640,3.9
2242,740,2016,10,1,1171,1.3
2243,350,2016,1,3,841,4.2
2244,183,2020,10,5,1278,4.7
2245,113,2022,6,2,737,1.2
2246,183,2021,7,4,1278,2.6
2247,481,2011,10,4,1225,5.0
2248,146,2017,8,5,640,3.4
2249,831,2012,12,4,481,3.1
2250,628,2024,1,4,897,1.7
2251,113,2017,12,4,947,3.3
2252,763,2012,4,4,481,2.8
2253,476,2019,11,3,920,1.5
2254,763,2016,5,3,673,2.9
2255,303,2011,2,2,920,1.7
2256,971,2025,1,4,1278,3.9
2257,825,2013,8,5,1133,4.9
2258,118,2020,6,1,937,2.9
2259,813,2015,5,2,481,3.5
2260,161,2020,9,1,947,2.7
2261,401,2018,11,1,920,1.6
2262,198,2014,11,4,975,4.9
2263,260,2022,2,5,1166,1.5
2264,660,2018,10,1,640,1.4
2265,752,2024,12,1,673,2.8
2266,47,2014,8,2,877,3.6
2267,987,2019,11,5,824,2.4
2268,399,2017,10,5,673,1.8
2269,710,2025,9,1,1220,4.3
2270,559,2022,1,5,369,2.5
2271,78,2022,7,2,1220,1.8
2272,124,2010,8,2,913,2.5
2273,75,2016,3,2,673,1.9
2274,871,2013,4,4,749,3.1
2275,137,2014,3,1,1133,3.7
2276,602,2015,7,5,913,4.2
2277,400,2014,9,2,1278,1.9
2278,837,2021,3,1,928,1.7
2279,505,2010,6,1,737,1.1
2280,500,2021,8,4,749,1.9
2281,573,2018,6,5,481,1.1
2282,138,2011,2,5,949,2.4
2283,50,2018,7,2,1238,1.6
2284,771,2019,2,2,824,3.3
2285,973,2011,2,1,673,2.5
2286,619,2018,2,5,673,1.4
2287,625,2015,11,5,1220,2.6
2288,862,2020,1,2,1225,1.8
2289,254,2018,11,3,949,3.7
2290,630,2022,1,1,1297,2.5
2291,710,2015,7,5,650,1.6
2292,849,2015,12,4,928,2.4
2293,877,2022,5,4,928,1.9
2294,563,2020,11,3,928,4.2
2295,757,2023,3,2,748,4.9
2296,915,2011,1,2,947,1.1
2297,426,2017,11,2,1171,3.8
2298,547,2012,10,4,1133,2.1
2299,302,2016,6,2,369,1.3
2300,922,2014,11,4,640,1.1
2301,581,2012,1,3,1220,4.5
2302,349,2010,9,1,1133,2.4
2303,832,2017,2,5,749,5.0
2304,933,2012,1,3,369,2.8
2305,980,2011,12,4,1297,1.8
2306,49,2025,7,3,748,4.1
2307,917,2010,6,5,748,4.7
2308,74,2013,6,1,749,4.3
2309,704,2022,5,5,949,4.0
2310,261,2017,11,4,937,2.3
2311,356,2022,4,5,877,1.3
2312,582,2012,11,3,920,1.8
2313,602,2023,4,2,824,2.8
2314,260,2010,3,3,937,4.8
2315,638,2013,10,4,877,3.9
2316,743,2018,8,1,737,4.3
2317,295,2022,7,5,824,2.1
2318,931,2010,9,1,1297,3.7
2319,641,2021,1,4,947,4.4
2320,792,2023,7,5,975,2.9
2321,313,2020,10,3,481,2.7
2322,612,2011,4,3,650,3.9
2323,838,2018,7,4,947,3.2
2324,809,2025,12,5,1278,5.0
2325,182,2011,1,3,369,2.7
2326,686,2022,5,4,877,1.7
2327,828,2012,3,4,640,2.9
2328,364,2016,5,1,749,1.9
2329,188,2012,4,3,673,3.2
2330,569,2018,2,5,975,1.5
2331,543,2025,11,3,1133,4.8
2332,596,2015,4,3,1137,4.4
2333,664,2012,3,3,1137,1.6
2334,985,2018,1,4,673,1.7
2335,548,2010,12,2,1278,3.0
2336,725,2019,10,2,877,4.1
2337,926,2012,8,1,888,1.9
2338,408,2010,5,3,1137,1.2
2339,876,2011,4,2,824,3.2
2340,618,2025,10,1,1133,3.8
2341,414,2021,12,4,897,2.0
2342,342,2017,5,3,1137,4.0
2343,220,2016,4,5,975,4.8
2344,903,2011,3,4,1280,1.5
2345,163,2011,5,1,640,3.0
2346,951,2018,4,4,897,1.2
2347,220,2022,1,5,1278,1.8
2348,270,2022,12,4,1137,1.4
2349,632,2015,3,1,877,2.6
2350,906,2014,10,5,877,4.3
2351,848,2019,10,5,1133,3.3
2352,400,2015,8,4,975,1.9
2353,182,2025,7,5,1133,1.2
2354,991,2018,2,4,748,3.2
2355,618,2025,1,3,937,1.5
2356,729,2020,3,5,928,2.4
2357,205,2016,5,4,913,3.0
2358,582,2024,10,3,369,4.6
2359,556,2019,11,5,877,1.3
2360,841,2019,12,3,897,3.7
2361,813,2023,1,5,369,1.1
2362,228,2018,3,1,481,3.5
2363,696,2013,3,1,824,3.2
2364,619,2011,5,4,897,4.2
2365,596,2021,3,2,673,3.1
2366,850,2017,9,1,1297,2.4
2367,250,2013,1,2,824,2.0
2368,875,2022,4,3,897,1.3
2369,441,2018,10,3,673,3.1
2370,533,2024,10,2,920,4.6
2371,196,2024,4,4,1297,3.1
2372,690,2013,1,5,748,4.0
2373,929,2024,2,2,913,2.2
2374,987,2017,11,2,1297,2.8
2375,519,2018,1,2,928,2.3
2376,70,2022,6,2,737,1.4
2377,639,2018,3,2,481,2.7
2378,399,2019,7,4,928,4.1
2379,978,2013,5,1,949,2.6
2380,672,2010,9,5,673,3.6
2381,760,2025,7,1,650,4.0
2382,203,2024,4,2,913,2.3
2383,148,2012,5,1,1238,4.2
2384,472,2018,5,4,737,2.4
2385,655,2013,11,3,749,2.0
2386,944,2014,5,1,1171,1.9
2387,199,2016,10,5,640,1.8
2388,917,2014,9,4,650,3.9
2389,426,2013,10,3,369,4.6
2390,666,2024,3,4,481,1.9
2391,492,2011,6,2,897,1.3
2392,888,2024,8,3,824,2.3
2393,896,2011,11,5,888,3.6
2394,142,2022,9,3,841,2.5
2395,313,2022,7,5,841,3.2
2396,165,2013,12,2,947,4.0
2397,314,2019,3,5,888,2.6
2398,21,2022,1,4,1137,5.0
2399,82,2019,4,1,1297,2.2
2400,581,2022,6,4,928,4.9
2401,131,2024,3,4,1166,1.8
2402,599,2018,1,3,737,1.4
2403,730,2017,6,2,1171,4.0
2404,933,2012,1,1,1220,3.8
2405,984,2025,9,5,1171,4.2
2406,305,2024,11,3,1133,2.4
2407,915,2023,12,2,1171,4.7
2408,371,2025,1,1,841,1.5
2409,857,2018,6,4,920,1.1
2410,853,2023,1,2,1225,2.2
2411,384,2014,12,2,824,4.2
2412,908,2020,7,2,1297,3.7
2413,445,2012,3,4,1171,2.7
2414,425,2014,6,5,481,2.0
2415,161,2022,7,3,947,1.2
2416,178,2019,1,5,888,2.4
2417,629,2022,1,1,640,2.8
2418,708,2013,5,3,748,3.7
2419,895,2017,6,1,824,3.6
2420,490,2022,9,4,749,4.8
2421,327,2021,1,5,1220,1.4
2422,598,2014,4,2,737,2.3
2423,289,2019,10,3,369,2.9
2424,593,2021,8,2,913,3.7
2425,664,2017,10,1,928,3.0
2426,573,2018,9,2,1278,4.7
2427,573,2013,3,2,928,3.4
2428,354,2016,11,4,650,1.2
2429,28,2011,2,4,1280,1.5
2430,954,2015,4,5,737,4.0
2431,43,2017,2,1,920,3.9
2432,681,2021,1,4,1278,1.6
2433,423,2016,12,4,1137,1.2
2434,598,2016,3,5,749,3.3
2435,177,2017,7,3,369,3.5
2436,529,2025,1,5,897,1.5
2437,610,2016,2,2,1238,2.9
2438,966,2014,1,2,947,2.2
2439,494,2016,8,4,947,4.7
2440,198,2022,5,4,897,1.9
2441,610,2023,8,5,1137,3.9
2442,577,2019,3,5,1297,3.1
2443,842,2012,12,1,913,1.0
2444,853,2014,7,2,877,3.1
2445,517,2016,8,5,748,1.4
2446,514,2024,6,3,947,3.6
2447,22,2018,7,1,1133,3.3
2448,112,2024,12,5,1137,1.0
2449,57,2011,2,4,650,1.8
2450,66,2013,8,5,937,4.1
2451,842,2021,5,4,949,2.1
2452,98,2016,7,4,913,3.0
2453,144,2010,1,2,841,2.2
2454,880,2022,5,2,1220,4.7
2455,435,2011,1,5,1280,3.1
2456,637,2018,12,5,737,3.8
2457,679,2022,8,3,947,1.3
2458,86,2019,4,1,1220,1.2
2459,588,2016,4,1,650,2.0
2460,344,2021,2,5,877,2.2
2461,936,2019,5,2,897,3.8
2462,294,2016,1,3,749,3.3
2463,956,2015,9,1,841,2.5
2464,571,2012,5,5,1166,3.6
2465,650,2019,6,2,1278,1.7
2466,611,2012,2,2,877,1.3
2467,704,2011,10,2,640,4.4
2468,243,2020,10,4,920,3.3
2469,831,2015,1,2,749,3.6
2470,561,2013,4,5,975,2.2
2471,960,2025,7,3,947,2.5
2472,32,2014,6,5,1238,1.3
2473,391,2012,10,2,1133,4.4
2474,277,2015,1,3,369,3.4
2475,532,2020,1,1,1280,1.3
2476,154,2021,8,1,1171,4.2
2477,383,2012,4,5,1297,2.8
2478,68,2023,5,3,749,4.1
2479,878,2024,7,5,640,1.1
2480,884,2023,8,3,369,1.1
2481,214,2025,10,3,975,1.7
2482,655,2025,7,5,1220,1.8
2483,376,2017,2,3,928,4.1
2484,744,2018,4,2,824,3.8
2485,213,2013,10,3,937,3.5
2486,79,2024,12,3,1238,4.5
2487,726,2018,1,5,928,2.0
2488,628,2021,10,1,1166,4.6
2489,604,2016,9,4,737,4.6
2490,782,2012,3,3,1297,2.7
2491,923,2016,12,4,1166,1.4
2492,381,2023,3,3,748,3.9
2493,680,2010,10,5,1171,2.3
2494,58,2012,9,5,928,4.2
2495,796,2015,10,3,749,1.7
2496,26,2013,3,5,841,3.2
2497,881,2016,8,5,913,3.0
2498,447,2023,2,3,877,1.4
2499,66,2012,3,1,481,2.5
2500,921,2010,2,3,888,1.3
2501,760,2018,1,1,1278,2.9
2502,254,2025,2,5,1278,4.4
2503,899,2024,8,1,975,2.1
2504,968,2015,9,5,975,4.1
2505,44,2017,2,1,897,1.7
2506,97,2012,7,1,920,3.7
2507,554,2017,5,3,1238,4.7
2508,227,2011,3,1,1225,2.3
2509,774,2021,9,5,888,4.6
2510,679,2025,6,3,897,3.0
2511,436,2013,11,1,749,2.3
2512,791,2012,1,3,928,4.6
2513,601,2019,5,4,1297,1.1
2514,379,2010,7,3,1280,1.1
2515,178,2024,4,4,1280,3.4
2516,427,2022,8,4,640,4.2
2517,915,2022,10,3,1278,4.0
2518,709,2016,5,5,1280,1.3
2519,307,2020,9,5,897,4.8
2520,779,2019,9,5,888,3.8
2521,504,2011,9,2,949,4.8
2522,268,2013,1,4,1280,2.3
2523,586,2018,2,3,481,3.8
2524,8,2015,3,5,369,4.4
2525,920,2017,4,5,749,2.5
2526,508,2011,10,3,1297,4.9
2527,476,2016,9,4,824,2.1
2528,297,2015,10,3,1220,2.3
2529,164,2022,6,2,1238,4.7
2530,485,2023,1,2,749,4.9
2531,597,2018,12,3,1133,2.1
2532,72,2016,9,4,937,1.5
2533,567,2010,6,5,824,4.0
2534,905,2023,4,2,737,4.7
2535,559,2017,4,2,1278,3.4
2536,911,2020,3,4,920,3.5
2537,944,2019,7,2,1166,4.1
2538,238,2024,3,2,1171,1.6
2539,104,2012,2,4,897,4.9
2540,210,2023,10,3,1133,2.5
2541,554,2011,8,5,1137,3.5
2542,828,2021,4,5,888,2.9
2543,468,2012,8,2,897,2.9
2544,454,2020,1,5,748,3.8
2545,268,2015,5,3,1166,5.0
2546,386,2022,9,2,947,3.6
2547,775,2023,1,5,913,4.2
2548,848,2012,11,1,877,1.1
2549,387,2019,4,1,1278,4.2
2550,877,2025,6,1,913,2.2
2551,259,2014,10,1,937,1.5
2552,283,2015,8,1,1171,1.5
2553,626,2017,3,2,1133,3.7
2554,875,2016,5,4,1225,5.0
2555,40,2023,7,4,481,3.7
2556,486,2020,1,2,949,2.0
2557,929,2017,7,2,928,1.8
2558,220,2012,12,3,1137,3.1
2559,129,2013,11,4,841,1.3
2560,520,2025,8,1,1137,2.6
2561,613,2025,8,2,749,3.7
2562,928,2015,9,1,1133,4.9
2563,892,2020,6,4,673,2.7
2564,688,2016,12,5,748,1.8
2565,619,2018,6,5,1225,4.3
2566,613,2022,2,2,897,4.0
2567,260,2010,3,3,928,4.4
2568,990,2022,4,1,1297,1.9
2569,966,2024,4,2,673,2.6
2570,366,2017,8,3,928,4.9
2571,758,2017,1,1,920,1.6
2572,787,2015,10,4,824,3.7
2573,544,2013,4,5,1137,1.9
2574,649,2012,11,3,1166,3.0
2575,524,2020,12,1,888,4.2
2576,907,2012,11,2,749,3.0
2577,814,2015,11,1,897,4.2
2578,887,2022,4,2,673,2.7
2579,16,2017,1,5,913,5.0
2580,129,2016,3,5,928,2.7
2581,575,2020,5,1,877,1.6
2582,109,2010,6,1,975,2.6
2583,887,2020,9,2,888,4.0
2584,533,2025,9,2,920,4.4
2585,670,2015,9,3,1171,2.8
2586,269,2016,11,3,888,3.4
2587,162,2021,1,3,1225,4.4
2588,260,2016,12,1,824,4.3
2589,924,2018,9,3,369,3.6
2590,102,2020,8,1,640,4.3
2591,506,2020,2,5,888,3.3
2592,735,2019,11,4,975,1.0
2593,571,2014,1,5,897,1.2
2594,247,2010,1,1,1166,4.9
2595,640,2011,12,1,737,1.6
2596,795,2024,6,4,841,2.6
2597,837,2013,9,2,841,4.7
2598,537,2014,7,2,928,1.8
2599,131,2018,5,2,1238,4.4
2600,353,2020,11,3,369,4.3
2601,196,2024,2,2,928,4.9
2602,793,2010,1,3,650,2.1
2603,916,2012,2,3,737,2.3
2604,930,2025,1,2,949,4.6
2605,666,2014,3,2,481,1.9
2606,382,2025,6,4,947,3.2
2607,645,2025,8,4,841,3.8
2608,227,2012,3,3,1278,2.1
2609,701,2013,10,4,1278,4.8
2610,476,2024,9,3,650,3.7
2611,477,2023,10,1,1280,1.2
2612,265,2012,5,3,369,1.5
2613,372,2013,7,3,920,1.8
2614,486,2023,8,4,841,2.0
2615,434,2024,3,1,947,3.9
2616,646,2025,2,5,928,1.4
2617,211,2022,2,5,897,2.4
2618,572,2022,5,5,1225,4.6
2619,940,2024,1,1,920,3.2
2620,377,2024,2,2,481,2.1
2621,395,2010,9,1,975,4.8
2622,450,2021,7,4,650,2.0
2623,943,2017,6,3,369,4.6
2624,364,2013,9,3,748,3.9
2625,876,2016,7,4,1166,4.0
2626,457,2011,11,4,1225,4.1
2627,725,2011,5,3,877,3.0
2628,728,2015,9,2,1225,4.3
2629,226,2023,6,2,841,4.3
2630,982,2011,6,2,369,2.4
2631,131,2024,11,4,877,2.6
2632,588,2024,4,3,1171,4.6
2633,476,2015,12,3,841,3.1
2634,798,2020,1,3,913,4.5
2635,986,2024,5,1,913,3.5
2636,277,2011,11,1,748,3.4
2637,156,2013,9,5,1166,1.1
2638,760,2016,8,1,877,2.1
2639,218,2017,8,2,1137,3.0
2640,190,2024,5,2,1278,3.3
2641,417,2012,12,2,650,3.5
2642,981,2023,9,2,1238,3.9
2643,675,2024,3,5,1171,3.6
2644,692,2022,3,2,481,4.4
2645,546,2018,1,4,748,2.2
2646,41,2011,9,4,949,3.6
2647,307,2017,6,4,913,1.2
2648,943,2017,2,1,949,2.9
2649,338,2025,8,3,1297,2.1
2650,314,2022,12,5,748,2.5
2651,75,2025,9,4,888,2.4
2652,953,2025,9,4,640,1.2
2653,279,2023,2,2,920,2.9
2654,176,2013,2,4,673,5.0
2655,896,2010,7,2,749,2.2
2656,662,2022,11,2,913,3.9
2657,273,2010,4,3,1280,3.2
2658,837,2011,1,1,650,2.3
2659,620,2023,8,2,748,1.4
2660,651,2024,2,2,748,1.9
2661,862,2021,3,3,947,4.1
2662,783,2023,5,2,913,2.1
2663,859,2018,3,5,749,1.6
2664,931,2022,7,1,1225,2.3
2665,289,2011,7,5,888,3.3
2666,724,2011,2,4,841,3.8
2667,893,2015,7,1,913,2.5
2668,272,2016,11,4,824,3.0
2669,930,2022,6,2,737,2.8
2670,66,2016,10,3,1297,1.0
2671,483,2024,9,5,673,2.6
2672,936,2025,9,4,369,3.3
2673,248,2022,2,2,369,3.3
2674,156,2018,7,5,1220,4.0
2675,47,2015,5,5,1297,3.7
2676,935,2023,6,4,975,2.1
2677,454,2017,1,2,937,2.0
2678,201,2020,7,3,877,2.9
2679,660,2015,6,4,1225,3.9
2680,124,2011,4,5,888,1.4
2681,1,2010,1,5,640,4.8
2682,968,2014,9,1,737,3.2
2683,759,2023,4,2,1297,2.2
2684,855,2018,2,1,877,3.8
2685,640,2017,8,3,1280,1.2
2686,191,2023,2,4,897,2.9
2687,579,2022,5,5,877,2.9
2688,516,2013,11,2,749,1.6
2689,442,2014,6,5,1280,4.3
2690,921,2022,11,1,841,4.2
2691,815,2014,8,1,481,1.6
2692,806,2015,11,4,1171,2.5
2693,143,2012,1,2,913,1.4
2694,191,2014,1,2,1280,4.4
2695,533,2025,12,4,928,2.3
2696,227,2011,4,1,937,2.8
2697,313,2019,5,1,877,2.3
2698,629,2025,9,1,481,2.2
2699,949,2010,11,5,1171,4.0
2700,302,2020,7,3,1166,4.0
2701,654,2010,7,1,673,3.1
2702,996,2025,8,3,1280,3.6
2703,460,2019,5,3,928,3.0
2704,401,2016,5,2,928,1.1
2705,551,2011,1,4,1225,1.3
2706,393,2013,9,5,481,2.5
2707,867,2014,6,3,928,4.0
2708,764,2016,9,5,1220,4.7
2709,845,2011,3,2,673,1.1
2710,207,2023,5,1,749,2.5
2711,210,2015,2,3,1280,1.9
2712,115,2010,10,4,975,4.3
2713,737,2016,5,2,913,4.4
2714,646,2018,8,5,1220,1.8
2715,251,2014,11,1,841,3.8
2716,219,2014,2,5,1166,3.9
2717,407,2013,8,4,481,1.7
2718,443,2025,4,3,640,2.7
2719,603,2025,10,4,1297,3.5
2720,354,2012,10,5,947,1.1
2721,888,2018,1,5,1133,2.6
2722,558,2014,5,4,481,1.6
2723,550,2017,1,4,1133,3.2
2724,142,2018,7,4,1280,4.4
2725,612,2014,8,1,824,3.1
2726,501,2019,3,5,481,1.1
2727,840,2018,3,2,1220,1.1
2728,702,2011,7,1,748,3.4
2729,547,2018,4,1,748,2.3
2730,659,2020,3,1,913,3.3
2731,542,2013,8,2,673,1.7
2732,846,2015,3,4,749,4.1
2733,507,2025,7,5,1166,4.4
2734,596,2015,2,3,1137,4.6
2735,881,2015,11,3,947,2.2
2736,281,2011,11,5,737,3.6
2737,424,2016,1,2,913,2.1
2738,856,2022,12,3,947,4.1
2739,270,2015,6,1,937,1.5
2740,154,2020,8,3,824,4.1
2741,614,2023,1,5,897,2.8
2742,727,2010,10,1,928,4.4
2743,662,2011,12,3,1133,4.0
2744,944,2016,9,5,841,2.5
2745,83,2010,3,2,841,4.6
2746,622,2024,3,5,650,2.1
2747,947,2010,4,2,888,4.9
2748,899,2010,11,1,1238,4.1
2749,426,2017,1,5,749,5.0
2750,275,2013,9,4,920,1.2
2751,713,2013,11,4,1133,2.1
2752,284,2022,3,4,1297,4.0
2753,980,2011,10,4,1166,4.7
2754,173,2020,4,4,949,1.1
2755,327,2020,1,2,920,1.0
2756,718,2020,4,5,749,2.0
2757,63,2025,1,1,749,4.4
2758,73,2010,5,4,949,4.1
2759,763,2021,5,4,824,2.4
2760,636,2019,11,1,1297,1.0
2761,375,2018,7,1,1171,3.2
2762,633,2016,8,4,937,2.0
2763,508,2013,4,2,749,4.0
2764,787,2021,7,1,888,2.8
2765,943,2015,4,5,1238,3.7
2766,398,2023,3,5,920,4.4
2767,120,2025,6,2,650,3.1
2768,934,2011,4,3,737,2.3
2769,437,2016,3,2,1297,4.1
2770,829,2011,9,4,1280,2.1
2771,676,2019,5,3,928,4.6
2772,936,2017,7,4,1225,1.3
2773,465,2017,12,5,1220,4.3
2774,286,2010,6,1,673,1.4
2775,265,2022,10,4,1166,1.2
2776,320,2017,5,5,897,2.5
2777,673,2011,7,2,920,4.8
2778,376,2015,11,4,937,4.9
2779,820,2022,6,5,1220,1.8
2780,89,2010,10,1,1297,1.6
2781,654,2014,2,4,1137,2.4
2782,203,2020,3,5,1238,2.3
2783,821,2016,2,4,975,4.0
2784,739,2022,12,1,1137,2.8
2785,955,2019,3,4,673,4.1
2786,334,2010,1,4,949,4.0
2787,222,2024,8,5,748,3.3
2788,41,2011,6,3,640,4.3
2789,708,2016,2,4,897,1.8
2790,68,2015,8,3,913,1.6
2791,988,2012,6,2,928,4.0
2792,776,2023,7,4,897,2.0
2793,514,2019,11,3,481,1.0
2794,873,2011,1,2,913,4.6
2795,637,2019,7,5,975,3.5
2796,622,2013,3,4,748,2.8
2797,598,2012,11,5,673,3.9
2798,937,2016,12,2,913,2.3
2799,632,2017,8,5,824,4.8
2800,127,2011,6,5,841,1.3
2801,255,2019,4,1,748,3.6
2802,695,2016,11,2,1278,4.1
2803,16,2017,8,5,913,2.9
2804,477,2015,9,3,1220,4.0
2805,62,2015,10,2,913,4.7
2806,881,2019,2,1,1220,4.0
2807,432,2010,6,4,1278,2.2
2808,670,2013,5,5,481,3.2
2809,268,2023,5,3,937,4.6
2810,35,2010,10,1,1238,2.8
2811,779,2013,11,2,975,3.7
2812,576,2011,3,5,650,2.9
2813,494,2020,12,1,897,1.5
2814,562,2022,8,1,947,1.2
2815,469,2014,8,3,640,4.8
2816,767,2019,12,4,949,3.5
2817,661,2023,5,4,673,1.4
2818,325,2018,8,4,369,4.4
2819,304,2020,10,2,824,3.1
2820,276,2024,8,1,1171,4.1
2821,869,2021,3,2,749,1.5
2822,963,2019,2,1,640,4.6
2823,684,2012,9,3,481,3.4
2824,929,2017,2,3,369,4.0
2825,201,2012,9,2,888,1.1
2826,445,2015,4,2,1137,2.3
2827,905,2025,12,3,897,2.1
2828,324,2013,2,5,841,4.8
2829,35,2017,10,4,937,1.7
2830,977,2020,1,4,1297,3.8
2831,482,2015,4,3,877,1.2
2832,728,2017,9,4,673,1.8
2833,480,2010,12,5,1220,2.4
2834,65,2015,9,5,1238,4.2
2835,8,2010,4,1,824,4.2
2836,301,2010,9,2,897,4.8
2837,343,2017,12,4,1278,4.7
2838,431,2025,6,5,975,1.3
2839,424,2024,1,2,1166,4.3
2840,332,2016,10,2,1297,2.8
2841,438,2012,6,1,877,4.5
2842,588,2015,9,2,1166,1.4
2843,174,2024,2,2,650,4.3
2844,559,2018,6,3,1133,1.6
2845,527,2016,2,1,877,2.3
2846,873,2021,4,1,824,1.1
2847,659,2012,8,4,748,1.5
2848,26,2023,7,2,928,2.8
2849,820,2023,11,4,1166,4.3
2850,605,2022,12,5,1225,4.1
2851,406,2015,9,2,1166,1.9
2852,232,2020,7,5,1220,1.6
2853,533,2013,1,3,673,2.6
2854,819,2023,2,2,737,4.5
2855,550,2022,6,4,949,1.4
2856,788,2012,7,4,369,3.2
2857,505,2018,3,2,1238,1.4
2858,669,2019,9,4,928,2.9
2859,179,2011,7,2,1278,1.5
2860,132,2010,6,1,947,1.3
2861,823,2024,6,4,1171,1.8
2862,455,2023,1,2,897,2.0
2863,348,2025,5,2,369,2.1
2864,540,2011,10,4,841,3.6
2865,772,2016,3,1,748,1.2
2866,406,2019,7,4,673,1.3
2867,76,2010,10,2,897,1.8
2868,941,2015,3,1,1137,4.5
2869,579,2023,5,5,928,3.5
2870,854,2016,7,3,1171,3.9
2871,492,2018,3,4,975,2.5
2872,194,2024,10,2,1137,1.9
2873,984,2023,2,1,913,1.2
2874,162,2017,6,1,877,3.0
2875,347,2015,8,5,949,3.3
2876,951,2012,4,4,1166,4.6
2877,361,2017,9,1,481,4.5
2878,769,2016,12,5,1278,2.7
2879,584,2012,12,2,749,2.7
2880,87,2018,8,5,897,1.6
2881,934,2021,7,4,748,2.0
2882,262,2011,7,5,888,4.7
2883,214,2012,3,1,1278,1.6
2884,665,2011,6,1,749,4.9
2885,722,2022,5,3,928,3.0
2886,913,2010,1,5,947,2.8
2887,573,2013,11,2,949,1.7
2888,780,2014,3,4,1278,3.6
2889,262,2022,12,3,650,2.8
2890,730,2015,1,5,1278,2.5
2891,283,2014,4,2,1220,2.1
2892,648,2010,10,3,1278,1.3
2893,467,2012,3,1,888,3.1
2894,380,2010,11,4,928,2.3
2895,362,2020,4,5,1133,3.8
2896,449,2014,9,2,1137,3.9
2897,441,2014,3,1,937,2.3
2898,93,2025,12,3,650,3.7
2899,621,2021,6,4,1297,2.0
2900,753,2020,6,3,975,3.9
2901,867,2022,7,3,1225,1.1
2902,424,2015,9,2,1171,1.6
2903,142,2017,12,1,1171,2.0
2904,291,2019,7,5,1225,4.1
2905,432,2025,1,2,1137,1.3
2906,749,2021,8,4,1171,1.8
2907,852,2010,5,3,824,2.4
2908,824,2013,9,4,673,1.0
2909,689,2019,10,2,937,4.0
2910,653,2025,12,2,937,3.2
2911,701,2020,5,5,481,4.6
2912,998,2010,5,3,481,1.1
2913,49,2018,12,2,1133,2.1
2914,302,2020,12,4,1166,3.9
2915,881,2016,2,5,748,3.7
2916,190,2016,12,4,650,2.0
2917,136,2021,11,3,897,3.4
2918,555,2014,3,5,975,4.2
2919,404,2016,10,5,1297,1.1
2920,892,2021,9,5,1297,3.9
2921,865,2024,7,1,877,2.0
2922,602,2011,1,5,1225,4.8
2923,807,2023,3,4,640,3.2
2924,341,2022,12,4,1238,1.1
2925,757,2013,2,3,481,2.6
2926,945,2023,1,2,928,4.9
2927,704,2023,9,2,640,3.9
2928,318,2025,8,1,1171,2.2
2929,618,2016,5,5,920,3.3
2930,363,2025,11,1,937,3.4
2931,822,2012,12,3,928,1.1
2932,382,2011,2,3,975,1.7
2933,233,2019,1,2,748,3.2
2934,777,2011,7,3,928,2.6
2935,344,2022,11,5,673,1.8
2936,549,2010,11,4,481,4.1
2937,817,2014,2,3,369,3.0
2938,553,2021,1,1,1137,2.2
2939,529,2015,2,5,1280,1.6
2940,856,2015,7,3,897,3.4
2941,789,2025,7,3,928,3.7
2942,819,2018,10,5,673,3.7
2943,571,2013,6,3,640,1.9
2944,935,2010,5,4,1238,3.4
2945,183,2015,3,2,1238,4.6
2946,41,2024,12,5,920,2.4
2947,551,2014,3,1,928,1.8
2948,397,2019,11,3,877,4.1
2949,704,2015,12,2,1220,1.7
2950,779,2012,9,1,949,2.0
2951,494,2011,4,1,947,1.4
2952,659,2015,9,4,1133,2.1
2953,907,2022,4,2,824,2.6
2954,333,2010,2,5,749,1.3
2955,127,2016,4,2,1137,4.5
2956,558,2016,6,2,949,3.1
2957,557,2019,6,1,1137,3.4
2958,1,2022,5,4,673,2.5
2959,168,2016,1,4,937,3.7
2960,620,2024,3,2,673,2.7
2961,19,2021,5,2,913,4.0
2962,332,2020,6,3,748,4.3
2963,584,2019,1,1,824,3.7
2964,456,2010,9,5,1278,3.0
2965,957,2024,3,5,937,4.1
2966,109,2013,10,4,640,3.0
2967,268,2022,3,1,749,1.4
2968,445,2016,11,4,1137,1.5
2969,240,2025,2,5,897,4.8
2970,929,2020,8,2,928,1.9
2971,301,2018,3,1,1133,4.3
2972,602,2014,6,1,1280,2.0
2973,103,2022,2,3,841,2.7
2974,988,2011,7,2,947,3.6
2975,250,2016,4,2,640,1.6
2976,453,2019,9,4,888,3.9
2977,520,2010,10,1,928,3.8
2978,153,2025,9,4,947,3.2
2979,859,2016,7,2,937,3.3
2980,174,2015,12,3,748,1.4
2981,343,2016,8,1,1297,2.7
2982,670,2025,3,2,949,1.3
2983,431,2023,11,3,1166,2.2
2984,727,2022,5,5,1278,4.6
2985,689,2019,2,2,1166,3.3
2986,687,2012,10,5,749,4.0
2987,852,2024,7,4,937,3.3
2988,850,2012,8,5,1133,1.8
2989,658,2016,9,2,1225,3.4
2990,962,2022,11,5,1220,4.0
2991,324,2011,11,1,1278,1.6
2992,990,2010,7,2,1238,4.3
2993,673,2018,10,3,748,3.2
2994,639,2018,10,5,369,1.0
2995,420,2016,8,1,749,3.1
2996,594,2016,12,4,949,2.6
2997,485,2012,9,4,1280,2.2
2998,659,2019,6,5,975,4.1
2999,751,2025,12,4,975,4.6
3000,412,2024,12,3,841,4.1
3001,936,2011,10,2,1297,4.4
3002,84,2020,2,1,888,4.6
3003,113,2016,2,5,1171,4.7
3004,737,2018,4,4,369,1.5
3005,332,2010,9,2,1171,2.8
3006,378,2022,7,3,1220,1.0
3007,755,2023,2,4,1220,3.0
3008,655,2013,8,4,1133,4.7
3009,41,2025,11,1,650,1.8
3010,935,2015,7,3,650,3.6
3011,770,2016,9,3,824,3.6
3012,959,2019,8,5,920,1.6
3013,797,2016,3,1,1171,2.0
3014,105,2019,1,5,1225,2.8
3015,202,2011,2,1,920,1.8
3016,450,2023,2,3,1225,3.3
3017,819,2013,4,1,1278,2.9
3018,843,2014,6,1,748,3.1
3019,973,2023,4,1,888,1.5
3020,266,2021,9,2,640,3.1
3021,910,2010,4,2,975,1.2
3022,210,2010,6,3,824,4.5
3023,563,2019,6,1,913,2.4
3024,118,2012,10,3,897,4.4
3025,713,2024,11,2,1171,3.8
3026,377,2024,10,1,1278,4.1
3027,551,2019,1,5,888,2.3
3028,540,2012,8,2,369,1.9
3029,771,2025,12,2,949,2.6
3030,84,2021,3,2,1297,1.1
3031,454,2017,6,1,928,4.7
3032,667,2025,3,4,888,2.5
3033,629,2018,11,5,841,5.0
3034,514,2025,2,5,481,4.0
3035,605,2024,5,3,947,1.3
3036,678,2023,1,1,897,3.6
3037,387,2020,9,2,1280,2.1
3038,912,2021,11,4,1171,2.0
3039,350,2010,7,1,737,2.0
3040,296,2025,3,1,888,4.7
3041,258,2023,4,4,1278,3.0
3042,81,2020,6,2,1278,3.7
3043,937,2011,3,1,1280,2.1
3044,268,2019,12,5,1137,3.1
3045,419,2011,7,5,650,2.4
3046,235,2024,6,4,369,2.3
3047,833,2013,9,2,877,2.0
3048,311,2011,12,4,1166,2.6
3049,813,2016,5,1,749,3.6
3050,975,2022,4,5,481,1.9
3051,986,2024,3,3,481,4.9
3052,357,2018,10,4,928,1.5
3053,213,2016,1,3,369,2.9
3054,574,2021,3,3,650,1.3
3055,49,2015,3,5,737,1.1
3056,127,2025,7,4,1297,4.7
3057,223,2024,7,3,1133,4.2
3058,921,2019,12,1,975,3.8
3059,279,2010,1,2,913,4.5
3060,408,2020,3,2,975,4.2
3061,505,2019,8,5,1225,3.6
3062,294,2018,9,4,920,4.4
3063,796,2014,7,4,748,2.6
3064,277,2025,7,2,748,3.2
3065,438,2020,12,1,947,4.1
3066,107,2014,11,2,1280,1.3
3067,658,2015,8,2,1166,4.4
3068,420,2018,6,4,481,1.6
3069,611,2022,11,3,975,4.5
3070,429,2017,3,1,920,2.2
3071,375,2017,1,4,369,2.3
3072,73,2023,7,2,1133,1.3
3073,949,2017,1,3,937,4.5
3074,998,2010,1,1,975,1.7
3075,634,2010,9,5,1280,3.5
3076,30,2017,10,1,1220,3.6
3077,188,2014,7,1,897,2.1
3078,364,2018,11,2,888,4.9
3079,866,2011,4,2,1171,1.3
3080,800,2025,6,5,1137,3.4
3081,451,2018,1,5,920,2.9
3082,195,2021,7,5,1171,2.0
3083,156,2023,12,4,673,1.7
3084,172,2017,6,4,748,3.9
3085,847,2018,4,2,749,4.7
3086,41,2013,7,2,1166,1.4
3087,63,2010,3,5,913,1.8
3088,23,2010,1,4,650,4.9
3089,360,2014,4,3,1133,1.1
3090,75,2011,3,4,1280,3.0
3091,560,2025,1,2,913,3.1
3092,672,2023,2,4,841,2.1
3093,825,2017,11,2,1137,3.7
3094,118,2019,5,5,1297,4.8
3095,612,2020,8,5,1297,2.8
3096,380,2014,1,5,1278,4.0
3097,929,2014,4,3,928,3.6
3098,920,2011,4,3,877,2.9
3099,679,2016,5,2,1137,1.2
3100,290,2022,7,1,1280,4.0
3101,440,2017,12,3,1220,2.5
3102,668,2019,8,2,1225,1.9
3103,933,2022,6,4,913,4.8
3104,7,2010,1,5,913,4.1
3105,196,2011,7,5,481,4.8
3106,421,2019,3,5,1137,2.0
3107,568,2025,6,2,897,4.3
3108,833,2013,8,5,640,3.4
3109,193,2014,7,3,1297,4.9
3110,559,2022,10,4,947,4.8
3111,148,2011,6,5,1137,4.9
3112,787,2010,9,2,650,4.8
3113,669,2018,9,4,1133,1.0
3114,202,2023,1,5,1133,4.0
3115,444,2010,1,1,949,2.1
3116,914,2022,1,5,928,3.8
3117,988,2024,8,3,1278,4.9
3118,419,2013,12,4,650,1.2
3119,427,2011,12,3,949,3.3
3120,479,2020,10,1,1166,3.9
3121,475,2013,7,1,920,2.0
3122,126,2017,3,3,369,1.9
3123,395,2017,2,4,928,1.2
3124,817,2024,4,1,920,1.4
3125,881,2020,3,1,928,3.6
3126,806,2021,7,5,1137,3.0
3127,576,2018,10,2,975,1.1
3128,325,2022,8,1,369,4.9
3129,392,2024,6,4,937,3.6
3130,930,2020,3,4,673,3.1
3131,688,2024,6,5,1297,2.1
3132,628,2021,2,4,673,3.6
3133,440,2014,12,5,1225,2.5
3134,204,2016,7,1,748,3.8
3135,486,2012,11,1,897,3.7
3136,833,2019,10,1,888,1.4
3137,31,2013,7,1,650,4.6
3138,388,2019,4,2,1297,2.9
3139,625,2018,8,2,1220,2.6
3140,877,2019,4,1,650,4.8
3141,434,2019,7,4,1166,2.8
3142,837,2023,4,5,1133,3.9
3143,926,2021,12,3,1133,3.6
3144,376,2010,5,5,737,1.7
3145,344,2011,7,3,1171,5.0
3146,443,2025,10,3,920,2.9
3147,579,2014,3,1,1133,2.6
3148,75,2012,10,3,949,4.7
3149,557,2011,5,1,737,3.1
3150,772,2010,11,2,1297,3.8
3151,666,2019,3,4,888,4.4
3152,155,2012,5,3,913,1.9
3153,430,2010,3,4,947,1.7
3154,363,2021,11,1,1278,1.3
3155,448,2010,10,3,888,4.6
3156,987,2021,11,5,1171,1.8
3157,234,2010,7,2,1171,2.2
3158,563,2017,1,2,920,2.1
3159,818,2024,9,3,949,2.2
3160,262,2012,9,2,1278,3.7
3161,827,2020,5,5,749,4.8
3162,125,2010,9,4,824,2.3
3163,911,2016,10,5,673,2.6
3164,245,2019,6,2,673,4.1
3165,542,2012,5,4,737,2.7
3166,938,2017,3,5,1166,4.7
3167,485,2013,11,1,640,3.0
3168,122,2013,11,1,673,2.4
3169,125,2014,8,4,369,4.9
3170,549,2015,4,4,877,2.7
3171,170,2016,10,4,1225,1.9
3172,124,2023,3,1,1133,1.7
3173,869,2023,6,5,975,5.0
3174,35,2013,8,4,369,4.0
3175,87,2025,9,1,748,2.6
3176,646,2017,6,4,920,4.3
3177,708,2022,5,4,937,3.2
3178,786,2015,12,4,1280,2.3
3179,201,2023,11,1,749,4.0
3180,369,2010,2,5,1297,4.0
3181,797,2010,2,1,1225,3.0
3182,77,2018,9,1,1278,1.2
3183,59,2019,2,4,481,1.3
3184,431,2015,2,3,1225,4.2
3185,638,2025,3,3,897,4.3
3186,500,2025,3,3,888,3.7
3187,913,2019,4,1,673,4.4
3188,109,2017,7,4,897,3.9
3189,736,2022,9,3,737,4.6
3190,278,2016,2,2,1220,1.6
3191,68,2021,4,2,920,2.6
3192,69,2015,9,2,1297,2.9
3193,165,2025,2,5,1166,2.2
3194,489,2013,10,4,1137,3.9
3195,305,2025,11,1,1133,4.6
3196,909,2016,1,1,1137,2.6
3197,674,2018,10,4,1297,4.8
3198,365,2023,8,5,877,3.1
3199,854,2020,9,4,650,3.1
3200,821,2019,7,5,369,3.4
3201,379,2019,8,3,920,2.1
3202,343,2023,4,3,888,2.5
3203,947,2016,4,5,824,3.2
3204,899,2010,2,4,877,4.8
3205,554,2019,8,3,673,3.6
3206,354,2018,11,4,1171,2.3
3207,416,2022,2,3,748,1.0
3208,109,2013,9,4,749,4.9
3209,563,2024,4,4,369,3.0
3210,762,2012,1,2,1220,4.8
3211,497,2013,4,5,369,3.2
3212,341,2013,3,1,640,3.4
3213,942,2022,12,5,749,3.8
3214,383,2019,6,4,1278,2.3
3215,533,2020,7,4,877,3.8
3216,300,2011,8,5,369,3.1
3217,139,2023,2,4,913,3.7
3218,359,2021,6,3,369,4.3
3219,836,2023,6,4,737,1.7
3220,499,2010,10,5,1133,3.5
3221,385,2021,12,5,1238,1.2
3222,604,2019,5,5,737,1.4
3223,959,2021,10,2,640,3.7
3224,280,2010,10,2,841,1.3
3225,637,2022,7,2,888,3.4
3226,483,2023,3,2,841,1.9
3227,909,2017,4,2,1137,2.2
3228,111,2023,10,2,481,1.5
3229,866,2011,9,2,1171,2.0
3230,139,2021,4,5,1278,4.3
3231,996,2019,3,1,1137,3.6
3232,435,2014,2,2,897,4.8
3233,509,2021,5,5,928,1.2
3234,273,2025,4,1,897,4.2
3235,99,2013,8,2,650,3.8
3236,764,2017,7,1,650,2.0
3237,850,2011,6,1,1297,3.9
3238,104,2019,11,3,877,3.9
3239,214,2018,12,4,1166,2.8
3240,761,2016,2,3,913,3.8
3241,664,2024,3,1,640,2.8
3242,762,2022,10,5,1238,2.3
3243,787,2016,9,2,949,2.9
3244,165,2010,9,4,1137,4.6
3245,999,2023,5,2,1220,2.5
3246,853,2025,3,5,369,2.6
3247,520,2021,2,4,673,3.4
3248,284,2011,8,3,937,4.0
3249,517,2013,6,1,369,3.9
3250,657,2013,10,5,949,1.1
3251,613,2020,11,1,949,3.7
3252,164,2023,12,1,650,2.8
3253,886,2012,7,2,949,3.1
3254,659,2016,1,5,737,3.2
3255,64,2021,1,1,1278,3.9
3256,91,2017,10,3,920,4.3
3257,117,2011,2,4,650,3.6
3258,866,2025,10,5,1171,3.3
3259,267,2013,3,2,369,2.5
3260,822,2023,12,5,1171,1.6
3261,685,2025,1,2,1238,4.8
3262,559,2012,5,4,937,2.8
3263,140,2011,3,3,877,3.3
3264,246,2021,1,1,937,4.0
3265,661,2022,8,5,1166,1.3
3266,758,2023,12,2,369,4.4
3267,395,2015,11,4,824,4.2
3268,487,2022,6,1,913,4.1
3269,476,2025,9,4,920,1.1
3270,517,2013,3,3,1171,3.1
3271,977,2015,9,1,1280,1.2
3272,184,2011,9,1,369,3.2
3273,20,2021,12,1,481,3.9
3274,937,2013,12,2,947,1.5
3275,558,2020,1,1,947,3.8
3276,524,2015,3,4,737,2.8
3277,582,2023,6,2,975,4.2
3278,529,2014,8,1,749,3.1
3279,883,2012,4,4,369,2.3
3280,147,2017,5,4,920,2.3
3281,666,2016,9,5,841,4.6
3282,304,2025,6,4,1297,2.8
3283,620,2025,12,3,650,2.6
3284,748,2012,7,1,841,1.2
3285,820,2015,7,1,877,2.5
3286,864,2013,4,1,673,4.4
3287,582,2020,4,4,824,4.0
3288,695,2014,4,4,673,1.9
3289,762,2020,11,1,1280,2.7
3290,228,2014,5,2,877,1.8
3291,102,2025,5,2,640,4.8
3292,587,2016,8,3,1238,3.4
3293,417,2020,9,5,650,4.0
3294,958,2014,2,3,841,3.9
3295,216,2020,11,1,748,4.5
3296,407,2024,7,1,369,4.8
3297,399,2025,1,1,1238,1.1
3298,923,2012,1,5,737,4.9
3299,715,2019,4,4,749,4.5
3300,704,2014,10,5,937,2.5
3301,761,2016,7,3,1171,4.3
3302,499,2014,2,4,748,3.9
3303,754,2014,11,4,369,4.2
3304,465,2018,2,3,824,1.9
3305,691,2024,1,4,877,3.6
3306,949,2012,10,2,949,1.1
3307,974,2022,2,3,481,4.4
3308,731,2015,7,3,1166,4.8
3309,82,2010,9,2,877,3.6
3310,604,2019,6,5,640,3.1
3311,947,2014,10,5,937,3.9
3312,687,2017,2,5,841,2.3
3313,751,2014,12,4,1280,3.5
3314,772,2018,10,2,640,3.9
3315,903,2020,10,3,1137,1.6
3316,365,2015,9,3,640,1.6
3317,163,2017,7,3,1133,3.9
3318,48,2019,11,4,1220,2.7
3319,511,2017,1,4,748,4.6
3320,329,2022,12,5,481,2.2
3321,840,2012,9,4,369,1.2
3322,116,2016,2,5,748,3.6
3323,941,2023,4,5,975,3.7
3324,849,2016,9,3,877,3.2
3325,337,2023,4,4,1166,3.7
3326,881,2019,3,5,737,3.1
3327,737,2021,1,2,1166,3.8
3328,864,2015,7,2,650,1.2
3329,840,2021,6,4,949,2.5
3330,147,2016,10,3,1278,1.8
3331,575,2023,4,3,1133,1.4
3332,806,2011,6,5,949,1.9
3333,323,2018,6,4,913,1.8
3334,443,2019,4,2,640,4.9
3335,837,2019,6,5,650,2.1
3336,13,2010,10,5,749,1.9
3337,943,2010,11,1,947,4.3
3338,494,2012,8,4,650,2.7
3339,701,2023,3,5,877,2.7
3340,287,2024,4,2,928,2.8
3341,720,2012,10,1,640,2.7
3342,114,2010,12,2,748,2.3
3343,480,2021,1,3,481,2.1
3344,22,2016,4,1,369,4.5
3345,349,2013,11,1,1225,1.6
3346,726,2019,10,5,369,1.7
3347,683,2022,10,3,737,3.3
3348,835,2011,12,5,949,2.4
3349,566,2019,9,4,748,2.7
3350,906,2014,8,2,1171,4.2
3351,810,2015,11,2,673,4.6
3352,320,2018,4,5,1133,4.2
3353,126,2013,12,2,1278,1.9
3354,277,2011,7,2,947,4.9
3355,976,2014,10,4,1171,2.5
3356,204,2012,3,3,1225,1.7
3357,194,2011,9,1,897,3.0
3358,681,2021,10,5,369,3.9
3359,664,2010,4,5,841,1.3
3360,547,2019,2,4,824,3.5
3361,696,2011,10,4,937,4.4
3362,286,2015,5,1,369,2.0
3363,57,2017,2,3,369,3.8
3364,734,2022,10,5,748,2.6
3365,303,2012,6,4,650,2.7
3366,163,2020,11,5,1278,2.1
3367,19,2024,10,2,1166,3.5
3368,370,2018,1,5,1133,2.4
3369,264,2024,6,3,888,4.3
3370,794,2021,4,3,928,4.9
3371,113,2018,3,5,913,4.7
3372,488,2011,2,2,1166,1.7
3373,327,2017,7,3,841,1.1
3374,542,2019,9,4,913,2.8
3375,647,2020,12,5,748,3.9
3376,579,2021,3,2,650,4.9
3377,65,2014,6,4,481,4.1
3378,292,2013,9,5,1171,3.3
3379,25,2019,2,2,947,1.1
3380,549,2014,7,4,928,4.3
3381,1,2013,5,3,824,1.7
3382,911,2025,5,5,673,1.2
3383,549,2017,11,5,824,4.4
3384,141,2013,7,3,1220,3.3
3385,744,2022,9,1,1297,1.5
3386,648,2019,4,4,749,2.5
3387,901,2021,9,3,1171,1.3
3388,188,2022,11,5,975,3.6
3389,128,2023,10,4,928,2.1
3390,201,2025,9,4,1297,4.5
3391,127,2015,4,1,975,2.4
3392,257,2011,3,5,1297,3.0
3393,676,2014,2,2,947,1.3
3394,547,2015,9,1,650,2.1
3395,194,2014,12,1,928,3.7
3396,703,2021,2,2,650,3.9
3397,104,2011,6,2,737,2.0
3398,535,2023,5,1,640,3.0
3399,265,2016,5,4,947,4.3
3400,802,2013,4,3,920,2.5
3401,942,2017,6,3,749,1.5
3402,974,2016,5,1,947,2.7
3403,384,2016,11,4,1171,3.4
3404,260,2018,4,2,1166,1.0
3405,414,2010,9,1,640,2.4
3406,991,2019,6,5,737,3.4
3407,358,2015,11,4,1137,4.8
3408,75,2015,10,5,1225,2.6
3409,355,2015,10,5,1297,1.7
3410,584,2022,10,1,1133,3.1
3411,771,2021,3,4,1280,2.1
3412,910,2015,10,5,1171,1.9
3413,188,2021,6,4,920,3.4
3414,973,2019,1,3,1238,4.7
3415,685,2016,5,5,888,4.3
3416,992,2023,10,5,673,1.7
3417,290,2019,6,4,748,4.1
3418,45,2015,11,3,1137,1.9
3419,573,2010,8,5,1238,2.2
3420,83,2012,11,1,920,4.7
3421,123,2011,9,4,748,4.6
3422,358,2015,11,4,897,1.7
3423,528,2017,3,5,1220,1.3
3424,66,2012,2,3,640,2.2
3425,936,2019,4,5,1225,3.3
3426,657,2017,8,2,1166,4.5
3427,375,2017,11,5,897,1.5
3428,162,2014,8,2,1225,2.7
3429,746,2017,3,1,640,2.1
3430,380,2015,4,4,1280,1.1
3431,656,2014,3,4,481,4.2
3432,358,2018,10,3,1278,4.3
3433,188,2023,2,5,1166,1.9
3434,322,2016,4,1,650,1.6
3435,450,2017,6,2,937,1.6
3436,474,2010,11,3,737,2.9
3437,13,2020,11,1,877,2.0
3438,184,2011,5,1,737,3.0
3439,111,2017,3,2,1137,2.5
3440,927,2021,2,2,481,1.8
3441,508,2018,9,4,937,4.0
3442,290,2013,1,5,640,1.6
3443,295,2025,9,3,888,4.2
3444,451,2021,1,5,913,3.2
3445,904,2025,7,3,481,4.3
3446,215,2019,6,1,1137,1.0
3447,974,2020,7,2,1280,4.0
3448,632,2019,3,2,1278,1.2
3449,894,2023,3,1,1137,4.8
3450,567,2018,11,1,1280,3.8
3451,27,2013,1,3,673,2.3
3452,630,2019,4,1,841,2.3
3453,733,2025,12,3,841,4.4
3454,231,2019,2,5,1133,4.6
3455,565,2019,10,2,824,4.6
3456,807,2018,8,2,1297,4.2
3457,321,2020,3,2,1133,4.3
3458,913,2016,7,5,897,3.3
3459,233,2011,7,5,841,1.1
3460,670,2018,12,4,737,1.3
3461,437,2013,9,3,877,3.6
3462,781,2017,6,3,650,2.6
3463,533,2023,1,4,1225,3.3
3464,403,2016,8,2,913,1.9
3465,53,2022,1,3,1297,3.6
3466,787,2024,3,3,937,2.0
3467,313,2025,11,2,975,2.8
3468,281,2016,5,1,481,2.9
3469,726,2017,8,1,841,1.7
3470,31,2010,9,4,640,4.5
3471,337,2014,7,5,748,3.1
3472,183,2011,9,3,748,4.5
3473,23,2011,11,3,369,2.1
3474,544,2024,3,4,749,1.7
3475,446,2010,5,4,1166,1.1
3476,74,2014,10,3,369,1.4
3477,10,2011,8,2,749,1.6
3478,484,2013,12,2,913,1.3
3479,456,2012,1,5,913,4.6
3480,566,2012,8,3,481,4.6
3481,564,2011,7,3,749,4.7
3482,660,2022,1,3,949,4.8
3483,160,2015,10,3,841,3.0
3484,882,2011,12,4,748,3.1
3485,14,2023,10,1,897,1.5
3486,178,2023,12,3,1137,1.5
3487,412,2017,6,1,1133,4.1
3488,878,2017,1,2,920,4.4
3489,53,2022,2,5,877,4.1
3490,408,2023,5,2,1225,4.3
3491,847,2021,2,3,913,2.1
3492,22,2014,10,2,877,2.9
3493,30,2019,1,4,481,2.8
3494,703,2016,6,1,481,5.0
3495,260,2013,8,3,1280,4.8
3496,205,2010,8,4,888,3.4
3497,59,2020,8,1,920,1.6
3498,471,2011,11,4,937,2.0
3499,776,2019,6,2,913,2.5
3500,466,2019,11,3,1220,4.5
3501,12,2013,3,2,928,1.7
3502,631,2010,1,5,1238,1.9
3503,927,2024,2,3,749,2.4
3504,974,2022,5,2,1171,4.7
3505,290,2017,10,3,937,3.0
3506,850,2018,5,1,673,3.6
3507,760,2013,10,3,888,2.5
3508,354,2019,1,3,737,1.8
3509,639,2012,1,1,947,1.9
3510,75,2011,9,2,1225,4.2
3511,873,2014,2,3,673,4.6
3512,716,2023,7,4,737,3.0
3513,561,2012,10,3,824,2.4
3514,591,2019,4,2,920,4.2
3515,441,2016,7,1,841,3.7
3516,991,2020,8,2,937,1.2
3517,241,2015,5,5,1280,2.4
3518,861,2025,12,3,1225,3.7
3519,154,2010,12,3,949,3.3
3520,786,2021,1,1,888,4.9
3521,96,2017,4,3,824,4.5
3522,726,2011,10,4,920,1.2
3523,294,2014,3,4,913,3.9
3524,209,2018,10,2,369,2.3
3525,343,2017,12,1,937,3.7
3526,88,2011,5,5,369,3.5
3527,818,2018,10,2,1166,3.0
3528,776,2025,10,1,1280,4.4
3529,937,2014,6,1,1133,3.8
3530,390,2019,2,2,1137,4.6
3531,325,2023,7,2,897,2.1
3532,940,2015,3,3,1297,2.4
3533,889,2022,1,5,749,3.5
3534,832,2012,10,4,1297,4.9
3535,157,2022,3,3,897,2.5
3536,668,2012,9,1,928,1.1
3537,651,2019,10,5,481,2.8
3538,633,2017,11,5,897,3.2
3539,577,2020,11,2,947,4.2
3540,619,2019,6,5,640,3.9
3541,659,2019,11,5,897,4.9
3542,137,2024,6,1,949,4.1
3543,923,2021,4,3,897,2.2
3544,674,2011,8,5,949,3.6
3545,428,2020,5,2,650,3.7
3546,452,2021,7,3,949,5.0
3547,612,2021,9,2,947,1.6
3548,850,2011,5,5,1220,1.8
3549,911,2022,11,3,737,1.6
3550,819,2014,5,5,949,3.4
3551,141,2015,4,1,1220,1.5
3552,83,2021,6,3,650,3.6
3553,177,2011,2,2,650,4.2
3554,198,2024,3,1,1171,2.7
3555,624,2014,1,4,748,3.2
3556,568,2016,2,2,748,4.7
3557,972,2019,2,5,1225,3.3
3558,691,2019,8,2,1166,1.8
3559,421,2017,8,4,1225,2.4
3560,401,2021,2,2,928,3.1
3561,698,2025,6,1,1238,1.6
3562,471,2016,5,2,928,3.5
3563,218,2017,3,3,673,5.0
3564,925,2023,5,4,920,3.6
3565,929,2021,5,2,1166,2.5
3566,828,2018,5,4,650,2.3
3567,987,2025,3,1,1171,4.7
3568,729,2024,3,3,1220,4.5
3569,632,2014,4,5,897,2.9
3570,951,2022,7,2,1278,2.4
3571,906,2014,12,1,949,3.8
3572,175,2020,12,4,748,2.3
3573,23,2019,12,4,888,1.5
3574,725,2013,2,1,1225,2.2
3575,917,2022,10,2,824,2.7
3576,235,2018,4,5,937,2.0
3577,13,2014,4,2,481,1.9
3578,101,2023,1,3,928,1.0
3579,929,2011,10,2,748,3.5
3580,536,2024,8,3,1280,3.5
3581,876,2019,1,4,947,1.8
3582,523,2017,8,3,748,4.8
3583,785,2024,7,5,369,2.6
3584,452,2016,9,1,640,1.1
3585,431,2017,8,3,1133,1.9
3586,793,2021,5,2,1297,3.8
3587,606,2025,8,3,1278,1.8
3588,713,2012,11,4,1297,1.2
3589,533,2024,10,3,877,3.5
3590,852,2024,12,5,1137,3.1
3591,979,2025,12,3,920,4.0
3592,723,2013,3,5,1280,4.1
3593,652,2014,10,2,1220,4.8
3594,293,2015,7,4,1220,1.2
3595,810,2010,12,1,640,1.2
3596,913,2013,4,2,1297,4.9
3597,101,2020,5,2,1171,3.6
3598,502,2021,9,1,897,3.9
3599,304,2019,7,3,650,1.4
3600,871,2022,4,3,1166,1.3
3601,540,2014,6,3,1137,1.6
3602,553,2016,10,4,749,2.7
3603,355,2022,11,2,1137,1.4
3604,303,2014,7,5,650,2.8
3605,496,2025,10,1,947,3.2
3606,658,2022,9,2,748,1.0
3607,768,2022,4,3,877,1.5
3608,974,2010,10,1,1280,2.5
3609,227,2020,3,5,1238,1.2
3610,236,2016,8,2,650,1.5
3611,873,2017,1,2,897,1.9
3612,892,2022,9,4,824,2.7
3613,455,2016,1,2,824,3.9
3614,13,2020,2,2,1166,1.5
3615,210,2025,8,5,1133,4.0
3616,741,2023,9,5,949,4.4
3617,397,2022,7,1,640,3.6
3618,100,2024,3,3,1220,1.2
3619,31,2013,7,5,1220,2.8
3620,898,2017,6,1,888,3.6
3621,528,2025,2,2,1280,4.9
3622,649,2024,3,1,877,4.8
3623,329,2014,11,1,975,2.6
3624,166,2019,12,1,877,3.5
3625,459,2018,10,1,937,4.6
3626,822,2021,10,5,1280,4.3
3627,952,2021,12,3,1225,2.9
3628,982,2019,5,1,1133,2.0
3629,993,2014,10,4,913,1.5
3630,100,2025,4,2,928,3.0
3631,621,2025,2,2,1171,3.9
3632,855,2010,4,2,841,4.9
3633,173,2021,12,2,650,4.4
3634,749,2018,8,2,841,1.8
3635,162,2021,5,1,1225,3.9
3636,905,2014,5,3,975,2.2
3637,728,2015,12,4,1280,3.7
3638,776,2013,12,5,888,3.7
3639,263,2015,10,4,1297,2.1
3640,804,2021,3,5,824,1.9
3641,274,2017,8,5,920,1.4
3642,3,2012,6,4,824,1.2
3643,28,2014,2,1,748,4.4
3644,326,2011,2,2,1225,1.2
3645,940,2023,9,1,1171,1.4
3646,149,2011,7,2,888,2.0
3647,540,2022,10,3,1278,4.6
3648,488,2016,9,5,975,2.3
3649,822,2019,6,4,1171,1.8
3650,438,2022,5,3,913,3.9
3651,65,2025,12,2,1137,2.3
3652,356,2019,1,1,928,2.3
3653,533,2023,12,4,1280,4.0
3654,252,2020,6,5,949,2.0
3655,235,2019,6,3,1166,4.6
3656,227,2015,3,5,640,3.2
3657,525,2013,3,2,877,3.2
3658,313,2014,3,5,1166,2.1
3659,49,2010,3,1,1133,4.3
3660,118,2016,7,3,975,3.3
3661,54,2017,10,3,949,1.6
3662,650,2018,11,1,749,1.8
3663,565,2017,2,5,975,2.9
3664,44,2014,10,1,749,4.1
3665,815,2025,10,4,1225,4.8
3666,53,2012,2,1,640,3.7
3667,586,2019,3,5,841,3.0
3668,558,2020,10,1,897,2.0
3669,525,2018,12,2,824,3.7
3670,677,2024,7,1,737,4.9
3671,102,2015,3,1,920,2.9
3672,792,2024,7,5,928,1.6
3673,770,2014,9,4,673,1.4
3674,982,2022,11,4,1133,2.1
3675,849,2012,10,5,897,3.3
3676,868,2015,12,5,949,4.8
3677,398,2012,11,5,481,2.2
3678,138,2019,4,2,737,2.2
3679,675,2021,7,3,1238,2.9
3680,921,2015,9,1,369,4.7
3681,387,2013,8,5,920,2.7
3682,111,2024,8,5,920,1.9
3683,614,2011,9,5,913,1.7
3684,17,2025,5,4,748,2.8
3685,780,2017,5,5,673,4.2
3686,182,2013,3,1,975,2.2
3687,884,2018,5,5,1220,3.1
3688,536,2016,8,1,1225,3.4
3689,541,2021,12,2,928,2.8
3690,171,2011,5,3,937,1.8
3691,409,2013,4,4,877,4.7
3692,740,2014,8,1,920,3.3
3693,378,2012,7,2,975,3.9
3694,188,2018,6,3,928,3.5
3695,858,2022,5,3,640,5.0
3696,230,2014,5,3,737,2.8
3697,833,2011,10,1,1133,2.7
3698,852,2020,2,2,1166,2.4
3699,119,2012,4,5,897,2.4
3700,156,2023,8,2,369,2.1
3701,784,2024,8,2,1280,4.9
3702,687,2018,11,2,1133,4.5
3703,465,2016,1,1,913,2.3
3704,104,2011,2,1,481,2.2
3705,604,2018,5,1,481,1.4
3706,698,2023,9,2,1238,4.5
3707,972,2013,10,1,920,2.5
3708,795,2022,11,3,1238,3.3
3709,502,2018,12,1,947,4.6
3710,693,2024,11,4,824,2.6
3711,682,2022,7,1,1225,4.2
3712,699,2011,10,1,640,2.7
3713,175,2024,5,1,650,3.8
3714,734,2021,1,1,920,2.7
3715,745,2019,6,4,673,2.6
3716,674,2025,12,5,1297,5.0
3717,421,2021,8,1,975,3.4
3718,134,2013,7,3,975,2.5
3719,391,2014,2,4,673,2.0
3720,992,2011,12,5,841,1.2
3721,736,2019,5,1,928,3.8
3722,501,2010,11,5,1220,2.5
3723,665,2016,4,3,888,4.3
3724,33,2025,9,4,1220,2.5
3725,55,2019,10,4,1297,2.5
3726,954,2010,1,5,913,4.1
3727,519,2025,12,1,1137,3.0
3728,756,2020,6,2,877,4.5
3729,825,2020,3,4,1278,3.4
3730,638,2017,11,2,1297,2.0
3731,12,2012,9,4,949,3.3
3732,528,2023,5,1,737,1.0
3733,720,2019,6,1,841,2.2
3734,555,2015,11,4,975,1.8
3735,373,2016,9,5,640,3.6
3736,484,2019,9,1,1137,1.5
3737,973,2010,8,1,920,2.2
3738,647,2023,9,3,877,2.3
3739,228,2015,4,1,1137,1.0
3740,623,2016,6,3,481,1.2
3741,307,2015,5,1,1220,2.2
3742,457,2013,5,1,1171,1.9
3743,160,2010,4,5,737,1.5
3744,331,2020,2,5,937,1.6
3745,776,2018,12,1,1278,4.3
3746,225,2013,6,4,947,3.7
3747,983,2016,9,4,650,2.9
3748,729,2016,12,1,1166,4.6
3749,504,2011,1,4,824,1.1
3750,456,2010,7,1,841,2.4
3751,45,2017,6,5,1133,4.3
3752,214,2017,3,2,1225,3.5
3753,59,2016,1,3,481,4.9
3754,644,2023,4,4,1280,4.8
3755,616,2024,9,4,877,1.7
3756,195,2024,2,5,877,4.9
3757,925,2024,3,4,877,4.8
3758,489,2024,2,1,369,2.5
3759,157,2017,2,1,1225,4.9
3760,610,2025,10,2,913,1.1
3761,226,2012,11,2,1280,3.6
3762,412,2020,11,2,1297,2.1
3763,205,2011,8,1,369,1.5
3764,79,2016,3,2,1133,3.3
3765,124,2017,7,2,1297,2.2
3766,471,2010,8,1,1166,3.7
3767,940,2021,3,5,1220,3.2
3768,218,2019,2,4,824,2.6
3769,516,2025,8,3,1171,1.7
3770,602,2018,3,1,369,3.4
3771,104,2024,7,1,1133,4.3
3772,393,2022,12,3,1137,3.4
3773,631,2024,1,3,1137,3.4
3774,645,2020,12,2,650,3.0
3775,824,2013,6,3,369,2.6
3776,608,2025,12,4,949,2.8
3777,980,2025,12,4,841,5.0
3778,434,2023,9,4,920,4.0
3779,331,2021,12,4,975,2.7
3780,143,2023,3,4,650,2.8
3781,800,2013,7,2,1280,3.0
3782,540,2012,6,1,975,3.6
3783,278,2015,8,3,913,2.9
3784,233,2010,3,1,673,3.7
3785,529,2015,3,3,1280,2.3
3786,571,2011,4,2,920,2.6
3787,90,2018,3,2,920,4.5
3788,492,2011,9,5,1238,2.3
3789,199,2016,11,5,1220,4.9
3790,362,2021,4,2,928,1.7
3791,441,2010,6,2,928,2.0
3792,26,2021,8,3,650,2.9
3793,25,2016,11,2,1220,4.2
3794,394,2014,8,1,824,3.9
3795,507,2017,5,3,369,1.7
3796,301,2013,5,2,673,1.9
3797,339,2024,6,3,824,3.3
3798,267,2021,10,3,975,2.2
3799,461,2024,7,4,673,2.7
3800,693,2019,10,5,650,2.9
3801,456,2016,7,3,1280,3.4
3802,360,2015,4,3,928,2.0
3803,68,2014,6,4,481,1.7
3804,863,2013,7,2,1225,2.6
3805,412,2024,5,3,928,1.3
3806,971,2016,5,4,947,3.1
3807,491,2021,2,1,481,4.4
3808,833,2025,7,4,928,1.5
3809,49,2014,12,5,1280,1.5
3810,687,2014,6,5,369,1.3
3811,564,2024,11,2,928,4.4
3812,102,2010,1,2,640,1.3
3813,216,2011,4,5,920,4.9
3814,438,2014,3,5,1297,2.4
3815,700,2022,12,3,877,2.3
3816,569,2012,3,5,841,1.4
3817,559,2023,7,2,937,3.3
3818,159,2022,11,5,650,3.3
3819,489,2011,12,2,937,3.0
3820,686,2023,10,1,650,2.2
3821,242,2023,4,5,949,2.5
3822,794,2013,12,2,1220,2.3
3823,753,2013,8,4,369,2.7
3824,882,2013,11,3,913,2.4
3825,5,2013,9,2,1171,3.7
3826,596,2012,3,5,877,2.2
3827,820,2022,5,5,1220,2.4
3828,361,2021,4,1,1278,2.7
3829,459,2016,12,4,748,1.0
3830,248,2018,10,2,937,3.0
3831,566,2021,6,4,650,2.0
3832,673,2014,11,1,841,1.2
3833,946,2013,10,3,937,4.6
3834,422,2020,4,4,650,2.3
3835,923,2011,8,1,949,2.7
3836,738,2011,3,2,947,4.3
3837,15,2014,11,3,937,1.7
3838,736,2016,5,5,737,4.4
3839,573,2019,1,1,1278,2.0
3840,122,2025,6,5,748,3.4
3841,277,2019,11,3,737,3.7
3842,558,2018,5,1,1220,4.6
3843,453,2022,8,1,888,3.4
3844,390,2016,9,3,824,2.8
3845,294,2014,8,2,947,3.3
3846,574,2019,8,1,481,1.8
3847,598,2019,12,3,1220,3.8
3848,446,2019,3,4,937,1.7
3849,210,2015,4,5,1133,3.2
3850,590,2020,11,1,369,3.6
3851,714,2021,4,4,1166,4.6
3852,302,2025,11,1,824,2.8
3853,909,2012,5,2,737,4.1
3854,223,2014,9,3,1297,1.7
3855,734,2017,12,1,481,1.6
3856,3,2010,9,3,737,3.1
3857,990,2021,10,1,824,3.4
3858,518,2010,12,2,640,3.5
3859,93,2016,1,2,928,4.0
3860,520,2023,8,4,1220,2.2
3861,428,2014,1,2,1171,3.5
3862,493,2023,2,3,920,1.8
3863,235,2014,7,2,1280,1.9
3864,620,2010,8,1,888,1.3
3865,161,2018,1,2,1166,4.0
3866,721,2010,3,3,749,3.0
3867,752,2014,7,1,1225,2.0
3868,331,2019,9,4,737,3.2
3869,333,2018,8,4,640,2.4
3870,50,2023,8,4,1166,4.3
3871,523,2024,9,1,650,3.1
3872,863,2013,10,4,1238,1.1
3873,668,2022,3,2,841,4.9
3874,492,2017,8,1,913,1.3
3875,582,2015,1,1,1133,3.8
3876,681,2020,8,1,1171,2.7
3877,272,2024,7,5,920,2.0
3878,580,2012,8,3,748,3.7
3879,867,2013,1,5,748,1.5
3880,252,2011,6,5,749,4.4
3881,560,2010,7,5,841,2.0
3882,696,2022,11,3,949,2.4
3883,832,2023,5,5,949,3.5
3884,699,2017,5,4,481,1.0
3885,90,2010,7,1,920,2.9
3886,446,2023,11,1,369,4.6
3887,332,2022,3,2,841,3.7
3888,139,2020,6,4,737,2.6
3889,357,2010,7,3,1137,3.6
3890,601,2013,1,1,897,4.7
3891,274,2019,12,5,841,1.8
3892,19,2021,2,2,888,3.1
3893,983,2019,12,2,1171,1.9
3894,311,2024,4,1,1297,4.4
3895,870,2015,8,4,737,3.9
3896,886,2018,11,2,737,4.2
3897,978,2010,10,1,369,4.8
3898,154,2016,6,4,888,1.9
3899,390,2019,1,1,1166,1.2
3900,260,2020,10,1,1166,2.2
3901,620,2014,5,4,841,2.6
3902,883,2021,7,4,1220,3.5
3903,797,2024,6,4,913,4.2
3904,571,2025,12,1,920,2.4
3905,125,2017,9,2,1278,2.9
3906,354,2023,8,3,1166,4.1
3907,273,2016,4,3,1171,1.9
3908,619,2013,11,1,650,1.9
3909,811,2013,12,1,1220,3.4
3910,245,2015,5,2,1297,2.7
3911,848,2015,7,4,369,4.8
3912,450,2018,8,1,749,2.4
3913,930,2021,5,5,640,4.0
3914,247,2014,9,4,913,3.3
3915,520,2017,10,1,937,1.2
3916,141,2014,12,5,481,1.3
3917,362,2011,4,2,920,1.8
3918,8,2024,4,5,737,1.6
3919,478,2015,8,1,673,2.3
3920,352,2018,1,3,913,3.3
3921,996,2022,8,1,949,3.4
3922,495,2012,5,3,824,3.4
3923,606,2025,11,2,749,1.5
3924,833,2010,1,2,1280,3.4
3925,427,2010,4,4,640,2.6
3926,39,2022,2,4,947,4.6
3927,593,2012,4,3,749,4.6
3928,187,2019,8,3,928,4.1
3929,596,2014,5,2,1297,3.8
3930,600,2012,1,5,920,1.5
3931,754,2018,7,3,1133,1.3
3932,854,2017,1,3,920,4.4
3933,93,2012,9,5,928,2.7
3934,86,2018,3,4,1220,2.8
3935,44,2024,12,4,369,4.4
3936,137,2022,3,3,841,3.5
3937,421,2015,6,4,949,1.7
3938,74,2022,10,4,673,1.8
3939,548,2016,6,4,947,1.0
3940,613,2013,11,2,640,3.8
3941,988,2013,11,1,650,2.9
3942,512,2021,6,3,650,4.8
3943,156,2022,1,3,877,3.9
3944,938,2011,5,2,824,1.4
3945,255,2014,12,1,369,1.6
3946,171,2017,6,1,1278,3.0
3947,981,2016,8,2,1220,4.7
3948,728,2025,1,5,928,2.0
3949,170,2016,5,5,824,4.3
3950,764,2015,3,1,877,2.2
3951,872,2012,2,5,737,2.1
3952,322,2014,11,5,1238,4.6
3953,567,2022,8,5,937,1.2
3954,456,2010,7,1,1238,3.6
3955,944,2016,10,5,1280,1.2
3956,603,2018,7,3,888,4.2
3957,790,2010,5,1,1137,4.3
3958,613,2022,12,2,749,4.6
3959,155,2011,9,5,928,1.7
3960,889,2012,5,4,673,1.5
3961,349,2012,2,1,1133,3.0
3962,451,2017,3,2,369,2.1
3963,876,2016,4,3,937,3.4
3964,653,2015,5,2,1171,3.1
3965,173,2024,3,5,1280,1.6
3966,10,2019,12,4,1133,4.0
3967,740,2019,7,5,749,4.2
3968,265,2020,5,2,841,4.9
3969,438,2013,5,1,947,2.6
3970,760,2018,6,4,920,2.4
3971,247,2010,7,4,975,1.8
3972,667,2020,10,2,897,1.7
3973,546,2024,10,5,1238,2.3
3974,499,2011,8,2,1297,4.9
3975,129,2024,9,4,841,1.4
3976,672,2023,11,2,824,2.0
3977,601,2013,4,4,897,1.3
3978,605,2012,5,5,640,2.1
3979,327,2010,5,1,1137,1.4
3980,753,2014,8,1,1238,3.0
3981,835,2016,9,2,1166,2.8
3982,980,2011,7,4,640,1.7
3983,404,2014,5,1,369,1.7
3984,629,2015,3,4,481,3.5
3985,606,2020,1,5,877,2.5
3986,675,2016,11,2,913,1.2
3987,611,2010,9,4,841,4.7
3988,625,2016,5,2,748,2.6
3989,359,2013,9,4,1166,3.4
3990,603,2017,10,4,1278,4.5
3991,858,2022,12,5,369,2.6
3992,718,2013,4,2,1225,4.3
3993,17,2015,5,3,748,4.7
3994,274,2018,4,4,920,1.7
3995,685,2014,2,4,1225,4.6
3996,116,2023,12,1,877,1.5
3997,861,2021,1,2,737,2.1
3998,980,2013,8,3,1238,4.2
3999,693,2017,4,5,1137,4.6
4000,91,2022,5,3,748,3.7
4001,82,2018,6,5,748,1.4
4002,324,2013,8,3,369,3.1
4003,961,2012,11,3,841,3.3
4004,114,2017,8,2,1133,2.1
4005,769,2023,7,1,920,5.0
4006,58,2014,4,3,1297,2.3
4007,154,2011,6,4,1297,1.8
4008,877,2019,4,4,749,1.4
4009,404,2018,7,4,1171,2.5
4010,628,2012,12,1,949,3.8
4011,855,2021,12,3,640,1.9
4012,266,2011,11,5,1166,4.1
4013,315,2010,1,5,920,1.5
4014,715,2023,5,2,650,2.8
4015,41,2017,10,1,737,3.8
4016,105,2020,12,3,1220,1.5
4017,901,2012,10,4,841,3.4
4018,890,2016,4,1,947,4.2
4019,193,2010,11,1,928,3.4
4020,401,2010,7,3,947,3.0
4021,278,2024,9,2,737,4.4
4022,354,2025,5,2,949,4.9
4023,749,2021,4,2,937,1.7
4024,937,2018,9,4,947,3.8
4025,733,2024,5,4,1297,1.3
4026,580,2021,9,3,897,1.2
4027,709,2017,8,2,748,2.1
4028,256,2021,4,3,975,4.9
4029,651,2022,11,2,888,3.2
4030,824,2012,11,1,481,2.1
4031,947,2015,7,5,1238,1.5
4032,661,2020,5,5,888,4.7
4033,99,2012,10,2,888,2.4
4034,588,2022,4,3,1171,2.2
4035,282,2021,5,4,650,4.4
4036,883,2013,5,2,650,3.4
4037,403,2010,11,2,947,1.7
4038,109,2014,9,4,928,2.7
4039,700,2010,12,2,913,4.7
4040,199,2022,9,1,937,4.6
4041,303,2010,6,4,937,1.3
4042,327,2019,4,1,640,2.1
4043,154,2024,2,5,737,1.6
4044,552,2020,3,4,1166,3.1
4045,645,2020,2,4,897,4.0
4046,405,2025,5,3,824,2.2
4047,462,2023,6,3,1133,4.0
4048,132,2016,11,4,824,3.7
4049,791,2021,5,5,749,3.9
4050,874,2015,2,2,937,4.8
4051,84,2011,12,3,928,2.7
4052,399,2025,5,5,928,2.4
4053,754,2023,9,5,1238,3.7
4054,628,2025,4,3,1278,4.2
4055,109,2020,12,2,949,1.8
4056,221,2021,10,3,1171,4.4
4057,904,2011,2,5,928,1.2
4058,553,2020,3,1,1220,1.0
4059,368,2016,3,3,913,1.6
4060,147,2010,9,5,975,4.9
4061,112,2022,4,3,913,3.1
4062,615,2011,1,5,913,1.2
4063,558,2021,1,2,913,5.0
4064,924,2017,7,5,888,4.0
4065,494,2015,7,4,737,4.4
4066,505,2024,2,1,975,1.9
4067,475,2023,9,5,897,1.4
4068,836,2011,9,3,928,3.1
4069,890,2016,5,3,824,4.1
4070,271,2013,3,5,481,3.6
4071,995,2011,3,4,1137,3.5
4072,421,2021,12,5,1238,4.0
4073,897,2015,3,2,1280,1.9
4074,707,2020,6,4,640,3.6
4075,367,2024,4,5,841,2.6
4076,280,2018,8,1,975,1.3
4077,283,2020,11,4,481,1.8
4078,40,2018,11,5,1238,4.2
4079,959,2023,11,1,1171,4.6
4080,189,2017,5,5,841,2.1
4081,164,2024,1,2,749,1.8
4082,994,2012,9,3,937,1.1
4083,989,2012,1,5,1225,4.8
4084,536,2011,6,4,1137,3.7
4085,536,2014,1,5,369,4.8
4086,4,2023,3,5,737,4.5
4087,835,2021,10,5,748,2.4
4088,290,2023,5,5,920,1.5
4089,953,2013,10,4,947,3.0
4090,433,2016,7,4,824,1.1
4091,471,2013,10,5,749,1.6
4092,181,2025,8,3,1220,1.9
4093,248,2018,12,5,841,3.7
4094,628,2021,9,4,1280,3.0
4095,279,2021,6,2,650,2.2
4096,877,2011,11,5,975,3.3
4097,581,2020,9,5,1278,1.5
4098,863,2023,8,5,749,4.0
4099,254,2015,9,5,369,3.8
4100,181,2024,10,1,749,1.9
4101,830,2016,4,5,1166,3.4
4102,681,2025,9,4,888,3.0
4103,825,2013,7,4,1166,1.2
4104,509,2022,5,1,1220,2.1
4105,761,2015,5,5,920,5.0
4106,700,2016,1,3,897,1.4
4107,566,2013,2,5,928,3.0
4108,326,2024,10,4,1225,4.4
4109,357,2017,3,2,1166,2.2
4110,825,2018,8,2,947,2.0
4111,650,2010,6,3,369,4.6
4112,680,2016,12,5,937,2.2
4113,391,2018,10,1,928,3.6
4114,615,2024,11,5,1166,4.0
4115,934,2021,5,3,673,4.2
4116,85,2019,1,3,975,5.0
4117,317,2014,12,3,1133,4.2
4118,212,2021,11,2,841,3.6
4119,515,2011,12,5,1225,4.6
4120,384,2019,9,5,737,4.6
4121,691,2015,3,1,888,4.9
4122,342,2021,3,3,841,4.1
4123,815,2021,2,3,1137,1.8
4124,964,2016,4,4,937,3.8
4125,988,2011,12,4,481,1.3
4126,844,2011,2,2,949,2.3
4127,38,2019,9,5,975,1.5
4128,511,2024,12,1,737,4.8
4129,420,2023,10,1,1278,2.4
4130,751,2021,7,3,1278,3.9
4131,169,2019,8,1,1238,3.3
4132,965,2010,3,3,897,1.4
4133,909,2013,6,5,824,3.2
4134,343,2016,10,1,888,3.6
4135,826,2023,6,3,947,4.5
4136,306,2018,1,5,749,1.3
4137,542,2024,6,5,1220,2.2
4138,702,2012,3,3,947,3.8
4139,869,2021,11,3,1220,1.1
4140,537,2020,3,2,1166,1.8
4141,112,2016,3,5,1220,1.9
4142,411,2016,10,3,1137,3.7
4143,947,2016,11,5,481,2.1
4144,206,2011,11,1,749,3.4
4145,185,2015,10,4,841,4.9
4146,382,2011,11,4,824,4.2
4147,496,2015,8,3,1278,2.3
4148,379,2022,5,3,1171,2.9
4149,47,2019,4,5,947,1.8
4150,886,2012,9,3,749,1.1
4151,740,2023,9,5,949,2.2
4152,551,2011,1,3,640,2.5
4153,528,2021,2,5,824,3.3
4154,504,2024,8,3,897,4.8
4155,22,2023,5,2,824,4.8
4156,213,2015,7,5,1220,1.3
4157,310,2011,1,2,975,3.5
4158,661,2014,12,2,888,1.2
4159,968,2011,10,2,1297,3.6
4160,753,2025,12,2,1166,1.5
4161,272,2012,5,1,897,4.8
4162,571,2012,11,4,749,4.5
4163,799,2015,12,1,920,1.1
4164,938,2015,3,3,1280,4.1
4165,202,2019,10,3,897,3.5
4166,32,2012,12,4,1133,3.0
4167,443,2012,12,4,897,3.4
4168,162,2022,2,4,937,3.7
4169,767,2021,2,2,920,4.5
4170,254,2022,9,1,1220,4.1
4171,521,2025,4,3,1137,3.3
4172,977,2010,4,1,949,4.3
4173,651,2016,7,1,640,4.9
4174,480,2022,10,1,913,2.2
4175,10,2017,10,4,1297,1.5
4176,726,2011,2,4,841,3.9
4177,505,2013,3,3,937,4.9
4178,785,2019,3,3,1280,1.5
4179,836,2016,6,3,749,2.7
4180,560,2017,3,1,947,1.2
4181,436,2010,11,4,888,4.1
4182,111,2013,5,2,937,4.8
4183,153,2015,4,1,1166,3.0
4184,635,2012,3,5,1297,2.6
4185,917,2014,8,1,877,4.6
4186,869,2025,10,4,824,1.5
4187,102,2019,3,5,1137,4.6
4188,753,2018,6,1,1171,2.6
4189,833,2020,7,4,1171,3.2
4190,191,2022,7,4,1220,3.1
4191,729,2012,2,2,1166,3.5
4192,563,2014,3,1,1220,4.8
4193,804,2017,12,4,920,4.8
4194,81,2015,10,3,824,4.3
4195,489,2013,10,4,888,1.8
4196,895,2017,4,2,877,2.3
4197,88,2020,7,4,937,3.0
4198,194,2012,2,1,737,4.6
4199,104,2012,3,1,1278,3.1
4200,783,2013,7,5,749,4.9
4201,96,2018,7,1,841,4.9
4202,423,2014,10,5,1220,3.4
4203,891,2017,3,3,920,4.5
4204,198,2025,12,2,650,5.0
4205,1,2015,1,3,1280,4.4
4206,407,2012,12,5,947,3.6
4207,378,2024,3,4,877,4.4
4208,167,2017,5,4,824,1.3
4209,509,2021,7,3,824,3.5
4210,638,2018,4,4,1278,1.9
4211,313,2017,11,5,749,1.5
4212,593,2022,11,2,640,4.6
4213,418,2013,1,1,1133,3.6
4214,763,2023,6,5,947,2.0
4215,681,2023,2,5,913,2.5
4216,477,2022,12,1,640,4.9
4217,73,2020,3,1,937,4.4
4218,141,2015,4,2,650,1.1
4219,582,2010,6,2,1133,4.9
4220,262,2013,6,2,1278,2.5
4221,340,2017,7,4,947,3.8
4222,308,2010,5,5,920,3.9
4223,245,2012,7,1,949,4.6
4224,515,2010,2,5,1278,4.5
4225,337,2018,1,5,1137,2.1
4226,575,2011,12,2,737,3.6
4227,561,2018,10,2,920,2.6
4228,76,2022,8,5,748,3.1
4229,880,2013,1,2,888,3.2
4230,175,2011,12,4,928,2.6
4231,109,2013,2,1,824,2.9
4232,183,2021,11,5,975,1.8
4233,192,2020,12,1,673,3.4
4234,65,2020,10,4,877,4.0
4235,849,2019,6,2,481,2.7
4236,963,2015,1,3,1137,4.9
4237,474,2024,10,4,928,1.2
4238,783,2020,3,3,650,3.4
4239,100,2016,7,1,673,3.3
4240,544,2012,12,5,748,1.1
4241,864,2012,8,2,737,1.9
4242,128,2021,4,4,1171,4.6
4243,452,2019,12,2,1137,3.2
4244,914,2021,3,3,841,2.7
4245,369,2017,1,3,913,2.7
4246,851,2014,12,5,749,4.6
4247,43,2013,9,3,1280,2.5
4248,884,2016,10,5,913,4.4
4249,419,2016,6,4,913,2.2
4250,488,2022,6,5,975,3.1
4251,78,2018,9,3,1278,1.6
4252,826,2018,1,1,1166,4.3
4253,801,2014,6,5,640,3.9
4254,270,2022,12,2,369,3.1
4255,674,2021,5,1,1280,1.1
4256,701,2022,11,5,824,2.9
4257,759,2017,6,2,824,1.9
4258,900,2019,11,1,1137,2.7
4259,728,2010,8,5,481,4.4
4260,315,2018,5,4,928,4.1
4261,925,2017,2,2,749,2.0
4262,851,2015,12,4,1225,4.9
4263,902,2025,12,3,737,4.6
4264,889,2025,2,5,1166,3.1
4265,993,2022,10,5,897,3.1
4266,945,2012,5,2,369,4.6
4267,168,2012,3,5,949,3.5
4268,339,2017,10,3,920,3.1
4269,193,2014,3,5,369,4.0
4270,453,2019,8,1,841,1.9
4271,283,2020,7,4,369,4.5
4272,336,2023,1,3,1278,3.1
4273,390,2016,12,3,888,3.4
4274,1000,2014,12,4,877,1.4
4275,525,2017,5,4,1280,2.2
4276,240,2019,9,3,937,2.7
4277,832,2019,4,4,650,2.7
4278,958,2013,1,2,1280,4.1
4279,483,2011,8,4,1166,2.1
4280,659,2012,5,1,748,1.7
4281,716,2017,2,1,888,3.3
4282,592,2024,12,2,897,3.5
4283,891,2020,1,4,673,1.5
4284,555,2022,12,1,1278,1.0
4285,458,2016,12,5,737,4.7
4286,89,2022,12,4,481,1.3
4287,660,2011,3,2,1133,4.6
4288,95,2015,9,4,748,2.6
4289,452,2018,1,3,913,3.6
4290,428,2024,4,3,1220,1.7
4291,151,2025,8,1,1137,4.3
4292,514,2013,8,3,1278,1.7
4293,376,2018,10,2,913,2.5
4294,22,2011,12,1,841,2.0
4295,883,2011,11,2,650,4.4
4296,313,2025,11,2,640,4.4
4297,997,2018,8,3,1220,2.5
4298,840,2021,10,3,1166,2.2
4299,519,2016,8,2,1238,4.1
4300,206,2016,4,3,913,4.5
4301,952,2010,8,3,1280,3.5
4302,375,2022,9,3,737,4.7
4303,451,2020,7,4,1166,2.5
4304,626,2015,12,2,920,1.6
4305,784,2022,2,5,749,1.7
4306,595,2016,9,2,673,3.7
4307,179,2020,11,1,640,2.6
4308,210,2023,8,3,640,1.6
4309,500,2015,5,3,897,2.2
4310,464,2015,12,5,481,3.1
4311,840,2011,3,1,1171,1.5
4312,124,2025,7,4,369,1.0
4313,993,2015,2,2,888,4.7
4314,113,2013,3,4,749,2.2
4315,12,2018,12,1,949,1.9
4316,126,2024,9,5,824,3.8
4317,565,2021,4,1,1278,4.4
4318,331,2010,4,5,913,3.5
4319,901,2022,3,4,1278,2.0
4320,283,2017,5,4,1238,4.4
4321,140,2014,3,1,947,3.0
4322,401,2010,9,1,841,2.5
4323,902,2013,3,3,824,3.4
4324,97,2010,2,5,737,3.8
4325,517,2015,12,3,369,3.4
4326,569,2011,5,2,673,4.7
4327,924,2024,6,2,841,3.5
4328,846,2014,1,1,1220,4.5
4329,69,2016,12,4,897,3.3
4330,118,2011,11,2,1137,2.3
4331,888,2015,6,2,1166,3.1
4332,59,2015,10,3,650,1.3
4333,33,2014,3,3,369,1.9
4334,318,2014,4,2,1133,4.1
4335,50,2023,6,1,481,3.6
4336,880,2012,8,3,1171,1.7
4337,489,2024,9,2,650,2.8
4338,19,2025,6,4,937,1.6
4339,726,2019,7,3,841,4.4
4340,197,2024,5,2,1166,1.4
4341,891,2019,12,5,888,3.6
4342,450,2020,9,3,1238,3.4
4343,990,2025,4,5,481,2.9
4344,559,2021,10,3,640,2.1
4345,679,2011,11,3,913,2.6
4346,452,2016,6,5,1220,4.2
4347,289,2010,5,1,920,4.0
4348,141,2025,1,2,897,4.0
4349,84,2015,5,1,824,4.0
4350,694,2015,5,1,481,1.6
4351,391,2012,9,2,949,1.4
4352,591,2011,1,4,928,4.4
4353,215,2021,5,1,877,4.3
4354,526,2011,7,1,888,3.7
4355,215,2023,11,1,1220,3.4
4356,403,2022,6,4,369,2.5
4357,128,2018,6,3,481,1.9
4358,822,2025,12,5,928,3.7
4359,477,2020,7,5,1238,4.7
4360,760,2014,6,4,481,2.7
4361,404,2016,5,1,1225,2.2
4362,29,2021,10,5,1297,2.1
4363,792,2014,5,4,949,1.1
4364,338,2016,9,2,841,3.1
4365,831,2022,8,5,949,5.0
4366,714,2013,12,2,841,4.3
4367,361,2017,10,1,928,4.6
4368,569,2022,4,5,897,3.5
4369,392,2020,4,4,928,2.9
4370,218,2023,10,3,947,5.0
4371,574,2019,5,5,1171,2.8
4372,669,2022,3,5,749,4.7
4373,202,2020,8,5,1171,4.0
4374,17,2019,7,5,947,2.3
4375,322,2025,5,4,897,3.0
4376,518,2016,10,4,1220,2.5
4377,570,2019,3,3,1238,1.5
4378,325,2024,5,4,748,2.4
4379,412,2014,3,4,1278,4.6
4380,318,2020,10,1,1133,4.0
4381,681,2015,5,1,1166,2.1
4382,965,2014,1,2,1171,2.5
4383,82,2016,6,3,1220,3.5
4384,474,2021,10,1,947,2.7
4385,468,2011,4,3,737,3.0
4386,425,2014,4,3,824,3.8
4387,945,2024,8,5,1280,2.9
4388,731,2025,2,3,737,1.8
4389,689,2019,4,5,947,3.1
4390,204,2025,2,2,937,2.4
4391,583,2024,1,2,888,2.2
4392,387,2012,10,2,640,2.3
4393,778,2018,3,5,1238,2.8
4394,98,2025,12,5,673,4.5
4395,345,2022,8,2,748,3.9
4396,803,2015,6,5,841,3.7
4397,208,2022,12,4,841,2.9
4398,514,2019,7,4,949,1.0
4399,636,2012,2,5,1220,2.4
4400,792,2016,6,5,1225,4.3
4401,586,2013,8,1,1278,2.6
4402,166,2023,8,1,650,3.3
4403,22,2012,4,3,841,1.8
4404,154,2017,6,3,947,4.7
4405,939,2025,5,3,640,4.7
4406,439,2022,9,2,1133,1.6
4407,295,2013,8,4,640,3.9
4408,219,2020,2,2,673,1.3
4409,669,2010,12,5,928,3.4
4410,495,2015,7,1,975,1.7
4411,230,2019,7,5,897,1.6
4412,20,2020,11,5,877,1.0
4413,987,2020,12,1,1225,4.8
4414,553,2010,1,5,897,4.3
4415,950,2014,1,3,949,1.3
4416,148,2016,12,1,1278,3.4
4417,108,2024,4,5,737,1.9
4418,403,2015,5,3,1171,2.1
4419,596,2023,4,3,897,4.5
4420,483,2011,7,4,1278,1.5
4421,367,2020,3,3,650,3.4
4422,834,2013,7,2,1220,2.6
4423,414,2020,8,1,1137,1.8
4424,309,2024,6,1,673,2.8
4425,802,2011,6,1,949,4.8
4426,918,2020,8,5,673,4.1
4427,835,2010,8,5,1133,1.5
4428,134,2024,7,2,913,4.4
4429,719,2012,6,3,1278,4.7
4430,283,2012,6,5,1278,2.1
4431,778,2024,10,3,650,2.3
4432,73,2021,11,3,888,1.5
4433,481,2016,6,5,737,2.4
4434,352,2010,8,5,949,3.7
4435,560,2018,1,2,841,2.1
4436,326,2020,5,4,369,1.0
4437,745,2015,3,1,1166,2.4
4438,443,2013,12,5,1166,2.8
4439,100,2012,8,5,1278,3.3
4440,59,2024,11,3,928,3.7
4441,508,2012,6,4,650,1.2
4442,258,2011,2,5,824,2.9
4443,413,2011,7,4,1278,2.1
4444,452,2023,7,1,947,4.8
4445,65,2021,5,3,1280,2.4
4446,595,2022,8,2,937,1.4
4447,154,2025,5,1,920,1.2
4448,985,2019,1,4,949,2.1
4449,266,2014,9,4,748,1.7
4450,821,2018,4,1,1220,3.6
4451,79,2011,2,4,947,4.4
4452,315,2011,4,2,737,2.3
4453,662,2021,9,2,949,3.3
4454,947,2015,2,4,1133,3.9
4455,560,2022,4,4,888,2.6
4456,917,2024,2,2,1220,1.3
4457,891,2019,5,4,640,1.9
4458,248,2011,3,5,369,4.5
4459,790,2021,10,3,673,4.3
4460,868,2013,2,5,369,1.3
4461,610,2015,9,4,749,1.9
4462,414,2014,5,4,748,4.1
4463,25,2010,10,3,920,2.9
4464,284,2024,5,4,877,4.0
4465,449,2015,1,3,947,1.8
4466,881,2025,6,2,913,4.8
4467,301,2010,7,3,1238,4.1
4468,68,2012,1,3,824,1.8
4469,7,2019,9,5,673,3.2
4470,817,2014,8,4,1166,1.5
4471,137,2023,12,2,650,2.4
4472,164,2019,8,1,888,3.6
4473,83,2022,7,3,1280,2.3
4474,897,2014,5,1,369,3.6
4475,650,2022,3,4,1297,2.0
4476,420,2019,12,3,1171,3.9
4477,73,2015,9,1,897,2.4
4478,237,2024,7,5,369,4.2
4479,46,2021,11,1,640,1.5
4480,618,2019,10,5,1137,2.4
4481,928,2017,10,2,749,2.9
4482,800,2014,8,4,1171,2.7
4483,262,2023,6,1,947,2.7
4484,176,2024,12,3,1220,2.8
4485,166,2020,11,4,928,5.0
4486,657,2025,5,1,975,1.8
4487,842,2010,8,3,975,4.1
4488,370,2025,3,3,1297,3.2
4489,795,2014,12,3,928,2.7
4490,54,2012,7,3,481,3.5
4491,690,2013,2,1,937,4.4
4492,419,2024,3,2,841,2.9
4493,756,2024,12,5,748,4.5
4494,507,2022,2,5,1238,1.4
4495,341,2017,5,5,841,3.6
4496,127,2025,7,2,949,2.3
4497,409,2016,11,3,975,2.5
4498,924,2020,10,3,1238,3.3
4499,367,2014,11,4,824,2.9
4500,271,2011,11,5,1137,2.5
4501,644,2015,11,5,1297,2.2
4502,605,2020,10,3,937,3.5
4503,379,2015,1,5,824,3.0
4504,73,2019,10,3,824,2.3
4505,923,2019,9,3,673,1.8
4506,922,2023,1,3,1171,4.1
4507,915,2020,1,1,748,4.2
4508,248,2015,12,1,877,1.9
4509,860,2023,10,1,749,2.0
4510,785,2018,8,1,1220,2.0
4511,43,2020,6,2,913,4.5
4512,377,2017,6,4,481,4.1
4513,41,2017,12,4,841,1.3
4514,170,2010,9,3,1133,4.3
4515,946,2014,4,5,1171,1.1
4516,212,2016,8,1,928,2.0
4517,493,2025,4,4,928,4.7
4518,680,2015,2,4,949,4.5
4519,39,2014,11,1,1238,4.1
4520,369,2017,8,2,877,2.8
4521,757,2012,12,2,737,2.3
4522,151,2015,7,4,737,4.5
4523,111,2024,4,2,748,3.6
4524,480,2014,9,1,928,2.2
4525,436,2025,9,4,897,2.9
4526,47,2017,8,1,1238,4.5
4527,575,2013,1,2,640,4.6
4528,737,2017,7,1,1171,3.6
4529,366,2019,5,2,1171,3.9
4530,69,2023,7,2,824,1.2
4531,299,2024,12,1,1171,3.4
4532,944,2011,9,2,640,3.8
4533,802,2018,2,3,737,1.1
4534,296,2022,11,1,1220,4.4
4535,203,2025,4,3,937,4.7
4536,61,2018,4,1,640,2.0
4537,946,2024,2,2,481,4.4
4538,963,2023,3,2,888,3.7
4539,830,2019,11,4,1171,3.3
4540,314,2019,8,4,737,4.4
4541,161,2022,12,3,841,2.1
4542,331,2015,9,2,877,4.2
4543,528,2025,6,4,928,2.3
4544,338,2013,10,2,1238,4.1
4545,606,2013,2,1,928,2.8
4546,304,2022,2,4,1171,1.5
4547,503,2015,7,3,947,2.5
4548,650,2014,8,4,1238,1.9
4549,338,2015,8,2,1137,1.4
4550,550,2016,6,5,1166,1.4
4551,639,2016,10,5,1171,4.1
4552,275,2018,8,2,824,4.5
4553,164,2017,1,1,1133,4.7
4554,443,2022,9,4,1238,4.4
4555,319,2025,12,5,949,4.3
4556,589,2015,1,1,481,1.3
4557,504,2021,3,2,1171,4.2
4558,686,2025,12,1,369,4.1
4559,387,2015,9,2,1225,1.5
4560,970,2024,11,4,928,3.6
4561,870,2023,5,1,1137,2.8
4562,833,2014,9,4,947,4.6
4563,888,2010,9,1,640,3.8
4564,603,2018,6,2,1171,4.8
4565,750,2018,11,2,369,1.4
4566,776,2018,1,1,737,1.2
4567,691,2024,10,2,949,4.9
4568,494,2020,7,3,1137,1.3
4569,490,2017,6,3,949,2.5
4570,721,2022,9,4,877,3.6
4571,73,2019,7,3,1238,4.5
4572,509,2022,12,3,749,2.0
4573,390,2012,11,5,673,1.1
4574,619,2010,12,5,975,3.1
4575,857,2020,4,5,824,2.9
4576,295,2021,7,5,920,2.2
4577,369,2021,2,2,1133,4.5
4578,956,2017,6,4,1278,4.0
4579,796,2016,6,4,913,4.4
4580,865,2022,2,3,650,1.6
4581,694,2014,4,4,1171,3.8
4582,549,2019,8,3,1171,4.9
4583,649,2016,8,4,749,3.4
4584,850,2019,8,1,975,1.7
4585,568,2013,8,1,1280,5.0
4586,187,2018,1,4,937,3.1
4587,853,2020,2,2,481,4.4
4588,770,2019,12,3,975,1.6
4589,445,2023,4,4,928,3.7
4590,570,2011,12,3,841,4.7
4591,363,2018,9,5,481,3.1
4592,123,2018,3,4,877,2.2
4593,188,2014,6,2,841,1.5
4594,742,2020,7,5,1297,2.2
4595,680,2010,8,4,1297,2.4
4596,420,2016,7,1,949,3.8
4597,626,2019,3,4,1220,1.7
4598,252,2019,6,1,1220,1.4
4599,619,2013,5,1,913,2.5
4600,549,2018,12,4,877,2.8
4601,335,2015,10,4,824,3.5
4602,92,2022,4,1,748,3.8
4603,530,2012,1,3,920,4.6
4604,866,2015,7,5,975,2.2
4605,63,2022,8,2,937,3.1
4606,662,2019,2,4,640,2.5
4607,512,2015,7,5,920,1.0
4608,139,2014,6,5,913,3.3
4609,698,2011,5,3,749,4.3
4610,185,2019,4,5,650,1.1
4611,205,2019,2,4,1225,1.0
4612,772,2011,10,5,841,3.9
4613,214,2016,6,4,481,3.7
4614,256,2011,5,4,913,2.6
4615,135,2021,2,1,749,3.6
4616,573,2015,10,3,1166,4.8
4617,875,2014,7,2,1238,2.0
4618,822,2013,6,1,841,2.0
4619,88,2016,12,2,1220,1.7
4620,836,2017,11,4,947,3.9
4621,988,2025,9,1,920,2.4
4622,207,2013,11,5,673,5.0
4623,129,2010,10,5,1137,3.9
4624,823,2010,5,2,897,2.5
4625,3,2010,9,4,947,1.6
4626,974,2020,9,2,481,3.4
4627,934,2010,1,3,897,2.2
4628,754,2014,5,5,1297,4.6
4629,121,2013,9,1,913,2.8
4630,385,2022,7,1,841,2.2
4631,614,2023,6,1,1297,3.4
4632,38,2018,6,5,650,1.5
4633,341,2024,11,4,920,3.2
4634,925,2012,7,5,749,1.2
4635,645,2023,1,5,920,3.4
4636,714,2016,4,1,913,3.1
4637,860,2020,1,5,1280,3.1
4638,21,2017,6,1,1238,3.7
4639,242,2015,4,4,1133,1.2
4640,455,2025,1,3,824,2.8
4641,963,2021,9,1,975,2.8
4642,621,2022,12,2,640,2.8
4643,303,2019,4,3,1225,4.9
4644,596,2022,12,4,920,1.6
4645,595,2010,6,3,1171,3.8
4646,803,2017,7,1,937,2.6
4647,964,2024,8,4,1220,3.0
4648,69,2019,12,2,928,4.0
4649,129,2012,11,1,650,1.6
4650,196,2017,9,1,877,4.1
4651,140,2021,9,4,1220,1.3
4652,444,2013,8,4,749,2.9
4653,283,2025,10,3,640,4.0
4654,312,2017,11,2,949,1.8
4655,746,2025,12,3,913,4.1
4656,535,2020,12,3,824,1.7
4657,665,2010,3,1,640,4.2
4658,277,2012,12,4,650,2.9
4659,61,2015,2,1,1220,3.7
4660,319,2024,5,2,1278,4.7
4661,890,2025,1,3,650,2.6
4662,52,2024,3,2,877,1.9
4663,856,2018,1,4,949,4.5
4664,153,2011,3,4,1297,1.6
4665,749,2020,4,5,928,3.5
4666,311,2010,7,2,1166,4.7
4667,814,2024,12,1,1137,3.7
4668,544,2019,12,2,937,1.8
4669,567,2012,5,3,1297,1.6
4670,864,2013,5,4,841,2.0
4671,389,2020,1,4,1171,2.6
4672,548,2014,8,2,937,1.6
4673,622,2012,4,2,928,4.2
4674,177,2022,10,2,975,2.4
4675,362,2019,5,3,1137,4.7
4676,314,2020,2,3,737,4.4
4677,807,2011,12,1,748,4.6
4678,848,2011,1,2,913,2.2
4679,97,2016,9,1,877,3.3
4680,881,2018,2,5,888,2.3
4681,213,2019,6,3,913,2.0
4682,829,2011,1,4,673,3.4
4683,137,2016,1,5,673,4.3
4684,6,2016,9,4,975,1.4
4685,109,2020,4,5,1137,2.1
4686,547,2016,9,1,1166,1.8
4687,39,2012,11,1,1225,4.2
4688,662,2021,5,3,920,4.7
4689,425,2016,7,4,1225,1.3
4690,630,2010,1,5,369,2.5
4691,261,2019,6,2,1220,4.7
4692,426,2010,8,2,1297,2.4
4693,87,2014,1,3,1171,3.9
4694,465,2025,9,4,1166,1.4
4695,76,2024,3,2,824,2.8
4696,471,2011,1,3,640,3.0
4697,976,2018,1,3,1225,4.0
4698,963,2024,11,4,650,2.2
4699,414,2016,6,2,928,2.1
4700,825,2025,11,2,748,2.2
4701,895,2013,6,2,1137,3.2
4702,726,2013,1,1,913,4.5
4703,457,2011,3,2,928,4.3
4704,285,2014,7,5,1280,1.2
4705,239,2013,10,1,947,4.5
4706,677,2025,3,1,928,1.4
4707,599,2021,3,1,928,2.7
4708,653,2022,3,1,481,4.1
4709,672,2010,12,3,841,1.3
4710,558,2021,7,5,748,1.2
4711,372,2017,4,4,1220,2.3
4712,495,2012,4,2,1238,3.9
4713,624,2025,3,1,920,3.1
4714,919,2023,10,4,1278,2.7
4715,45,2015,11,3,824,4.3
4716,401,2013,9,4,748,4.1
4717,247,2018,2,1,1238,4.1
4718,616,2016,4,5,1171,2.8
4719,597,2018,8,4,928,1.1
4720,450,2025,6,1,1225,1.7
4721,485,2019,7,1,640,4.0
4722,646,2012,7,2,937,4.0
4723,620,2010,2,2,1166,4.9
4724,18,2014,4,5,749,1.8
4725,606,2025,10,2,481,1.5
4726,662,2012,10,5,1220,1.6
4727,758,2015,6,3,975,1.7
4728,289,2017,3,3,1225,3.1
4729,414,2020,9,2,1238,4.9
4730,721,2022,4,3,1220,3.4
4731,638,2013,10,4,1280,3.1
4732,235,2014,2,4,640,3.7
4733,416,2014,6,4,749,1.3
4734,938,2013,1,3,1238,4.3
4735,499,2013,6,4,481,3.6
4736,974,2013,12,5,1297,1.7
4737,634,2013,10,1,949,3.5
4738,650,2013,1,2,937,3.4
4739,115,2014,8,5,673,1.3
4740,932,2011,5,4,975,2.1
4741,674,2011,6,1,1280,2.6
4742,713,2025,2,2,937,2.0
4743,234,2018,2,5,841,2.0
4744,540,2011,12,2,824,3.3
4745,11,2015,9,3,1137,2.9
4746,206,2011,3,4,737,3.7
4747,679,2014,6,5,1297,4.8
4748,247,2013,10,5,877,3.6
4749,559,2025,5,1,481,3.3
4750,758,2021,12,1,1297,4.4
4751,127,2016,4,1,1166,3.5
4752,147,2024,10,2,888,1.7
4753,118,2016,2,4,888,2.3
4754,911,2022,8,2,928,3.9
4755,382,2015,10,4,1220,4.0
4756,412,2019,7,5,1137,4.9
4757,664,2014,11,2,1238,3.5
4758,584,2010,2,2,1171,4.6
4759,363,2025,6,2,888,1.2
4760,509,2021,8,3,1133,3.3
4761,137,2024,7,4,947,4.7
4762,175,2012,1,4,897,2.1
4763,289,2018,5,2,920,1.6
4764,958,2024,2,3,928,2.4
4765,481,2023,6,2,650,4.2
4766,19,2010,7,4,888,1.3
4767,195,2014,7,5,937,3.4
4768,330,2011,3,3,369,1.5
4769,936,2013,7,3,1137,2.7
4770,175,2025,5,2,947,4.9
4771,449,2023,8,5,1137,1.8
4772,925,2023,12,4,928,1.1
4773,946,2020,8,1,369,2.7
4774,354,2010,7,4,1238,3.3
4775,499,2012,6,4,841,2.2
4776,141,2019,2,5,949,3.2
4777,758,2016,6,3,928,4.8
4778,897,2019,12,4,913,2.2
4779,930,2024,11,3,1220,2.2
4780,93,2012,9,5,481,2.9
4781,944,2013,2,5,1171,3.1
4782,239,2011,1,2,737,1.0
4783,205,2012,11,1,1278,3.5
4784,560,2018,5,5,1137,5.0
4785,433,2012,11,5,1166,2.2
4786,245,2020,6,3,673,3.5
4787,832,2014,3,5,888,1.0
4788,317,2011,8,4,1238,3.4
4789,925,2025,7,2,650,2.8
4790,295,2013,2,2,1137,3.1
4791,640,2021,12,4,1171,3.2
4792,856,2022,7,5,650,1.7
4793,282,2016,1,1,673,4.1
4794,17,2023,9,5,748,3.2
4795,71,2016,7,2,737,2.1
4796,269,2021,6,1,897,4.7
4797,325,2012,2,3,650,1.1
4798,794,2014,3,3,897,3.9
4799,305,2010,1,5,650,2.5
4800,451,2019,10,5,841,3.1
4801,7,2019,5,1,975,2.2
4802,314,2025,9,1,369,2.3
4803,817,2019,6,5,1133,1.1
4804,103,2020,5,2,749,3.9
4805,821,2010,12,3,748,3.8
4806,193,2014,3,1,673,3.6
4807,753,2022,5,2,640,4.5
4808,574,2019,8,5,920,4.6
4809,529,2018,12,4,1238,3.2
4810,171,2010,2,1,937,3.7
4811,537,2010,5,4,1280,1.0
4812,251,2013,6,2,1166,4.4
4813,765,2013,10,3,897,4.3
4814,387,2011,8,2,920,1.1
4815,207,2018,8,3,1238,3.2
4816,541,2023,5,2,949,4.6
4817,629,2018,9,1,975,1.7
4818,416,2022,4,1,913,2.4
4819,794,2022,12,4,1133,2.3
4820,380,2011,9,2,897,2.4
4821,144,2023,11,2,888,1.2
4822,25,2018,7,4,1171,2.1
4823,822,2024,6,5,1280,2.2
4824,668,2015,4,2,1166,4.5
4825,73,2017,2,2,824,2.4
4826,632,2019,8,2,1238,2.8
4827,824,2022,6,5,640,2.5
4828,833,2024,12,1,1297,1.5
4829,93,2022,3,4,877,5.0
4830,505,2013,7,5,841,4.3
4831,598,2011,10,3,369,3.2
4832,336,2011,7,3,937,2.9
4833,425,2018,6,5,1278,3.6
4834,499,2010,2,5,1225,2.3
4835,364,2021,8,1,897,1.2
4836,947,2016,1,3,913,2.6
4837,630,2025,1,4,369,4.9
4838,745,2020,6,2,481,1.7
4839,199,2023,5,2,481,3.1
4840,718,2012,9,1,748,1.0
4841,413,2012,12,1,824,1.5
4842,339,2011,7,3,1171,3.3
4843,659,2023,2,4,650,2.2
4844,962,2019,12,4,481,4.6
4845,937,2025,7,5,949,2.6
4846,429,2015,3,1,1225,1.8
4847,783,2022,1,2,673,3.2
4848,899,2019,11,2,824,4.2
4849,139,2011,8,3,1171,1.1
4850,693,2019,12,2,897,3.0
4851,942,2024,3,4,888,4.1
4852,542,2013,11,4,1297,1.4
4853,57,2019,8,1,949,4.6
4854,232,2025,7,3,824,2.1
4855,658,2018,12,2,841,1.7
4856,435,2018,2,1,949,3.4
4857,384,2015,1,5,841,1.7
4858,560,2022,7,5,888,3.7
4859,194,2013,1,2,913,3.0
4860,736,2016,6,2,749,1.4
4861,648,2023,11,2,928,4.6
4862,534,2010,10,4,937,3.7
4863,518,2021,11,2,975,3.2
4864,716,2013,10,5,650,2.5
4865,751,2014,8,2,737,1.5
4866,185,2017,7,3,888,3.8
4867,872,2021,4,5,1278,4.3
4868,292,2011,1,3,947,1.5
4869,335,2021,1,5,748,3.0
4870,732,2014,4,1,673,2.9
4871,116,2015,5,5,841,2.4
4872,825,2014,12,5,737,4.2
4873,49,2024,7,3,1238,1.4
4874,685,2022,4,3,913,1.8
4875,82,2018,10,5,737,1.0
4876,834,2019,12,5,1297,2.5
4877,333,2025,1,4,913,2.2
4878,557,2010,11,1,888,4.5
4879,335,2023,10,1,1297,4.0
4880,532,2012,7,2,1238,1.3
4881,960,2023,2,5,1137,4.0
4882,221,2011,11,5,1225,3.7
4883,635,2021,2,5,888,2.1
4884,746,2022,8,5,749,1.1
4885,733,2012,12,1,841,1.5
4886,323,2019,10,3,928,2.0
4887,851,2018,10,4,975,4.3
4888,3,2022,10,3,1225,2.9
4889,694,2023,5,3,749,4.7
4890,206,2018,10,1,824,4.2
4891,832,2019,2,4,897,2.1
4892,40,2011,5,5,1280,4.4
4893,59,2023,8,1,975,1.5
4894,951,2012,6,1,937,1.1
4895,574,2023,3,4,949,3.4
4896,644,2013,8,2,937,2.4
4897,507,2018,9,1,748,2.3
4898,572,2012,5,3,1278,3.7
4899,884,2022,2,3,369,4.4
4900,843,2016,2,5,1238,2.3
4901,122,2021,7,1,975,2.3
4902,479,2012,1,5,1280,3.1
4903,619,2016,10,1,913,3.6
4904,96,2016,12,4,937,1.8
4905,859,2018,2,1,897,4.7
4906,414,2011,10,2,1280,3.6
4907,235,2022,4,3,481,3.5
4908,898,2015,1,4,1238,4.6
4909,62,2018,4,3,913,4.6
4910,256,2021,12,5,369,1.5
4911,561,2025,11,4,1280,1.6
4912,905,2024,10,2,673,4.0
4913,348,2021,5,3,748,4.8
4914,671,2024,9,1,949,3.7
4915,124,2011,1,1,913,2.6
4916,482,2025,12,1,1171,3.7
4917,317,2011,5,4,913,1.9
4918,504,2022,2,2,920,5.0
4919,719,2023,9,2,673,2.7
4920,48,2014,6,2,673,4.7
4921,409,2019,2,3,1280,2.7
4922,932,2019,3,4,1133,4.7
4923,136,2021,8,1,1171,2.3
4924,201,2019,1,3,481,4.0
4925,250,2025,12,2,947,4.8
4926,314,2017,3,1,1297,3.6
4927,869,2020,10,4,1278,3.7
4928,368,2024,1,5,1171,1.4
4929,429,2018,11,2,824,2.9
4930,830,2011,11,2,1238,4.5
4931,807,2014,8,2,1278,2.0
4932,480,2023,1,2,841,4.2
4933,314,2016,5,1,1225,3.7
4934,500,2024,4,4,947,1.9
4935,721,2015,7,3,650,2.1
4936,355,2015,5,1,749,2.7
4937,485,2016,8,4,947,1.5
4938,211,2012,12,3,975,4.7
4939,704,2022,11,2,1225,4.0
4940,44,2012,1,4,1280,2.5
4941,541,2019,5,2,1280,2.2
4942,571,2018,4,4,937,3.8
4943,583,2023,3,5,928,2.7
4944,92,2017,5,2,947,1.9
4945,265,2014,10,2,748,2.7
4946,895,2015,3,2,369,4.5
4947,220,2020,8,1,1278,1.3
4948,902,2021,3,3,369,2.5
4949,925,2019,1,2,947,4.8
4950,442,2010,9,2,650,1.1
4951,401,2019,9,1,1166,4.6
4952,400,2021,6,1,975,2.5
4953,727,2010,10,5,1133,1.8
4954,991,2013,1,4,975,1.1
4955,899,2011,8,2,650,1.3
4956,789,2020,2,4,1220,1.7
4957,576,2016,9,1,737,1.1
4958,858,2011,8,1,1278,2.3
4959,804,2019,3,5,640,1.2
4960,490,2011,5,3,737,3.8
4961,485,2014,9,1,897,4.3
4962,757,2013,1,2,1166,4.5
4963,470,2017,9,5,748,3.2
4964,574,2013,4,3,1171,4.8
4965,938,2023,4,5,1280,1.0
4966,844,2021,4,1,650,1.5
4967,682,2015,10,3,369,2.2
4968,445,2014,12,4,737,4.2
4969,269,2020,9,3,1171,4.5
4970,267,2023,6,2,673,3.5
4971,54,2011,11,4,897,2.5
4972,528,2020,8,4,949,3.7
4973,520,2024,12,2,650,1.7
4974,616,2022,4,4,1171,2.8
4975,59,2021,3,1,737,3.0
4976,825,2023,1,3,897,1.4
4977,40,2017,10,3,1280,1.1
4978,237,2011,7,2,673,4.0
4979,955,2018,4,1,897,3.1
4980,386,2024,8,4,1220,2.3
4981,606,2018,3,3,841,2.7
4982,734,2012,1,3,640,4.8
4983,716,2013,5,3,1166,2.5
4984,650,2017,2,3,1220,1.4
4985,300,2018,3,5,1238,2.9
4986,395,2012,6,2,897,3.6
4987,207,2014,3,4,1238,1.0
4988,336,2020,3,4,888,2.3
4989,593,2024,12,2,650,2.6
4990,730,2025,6,1,841,2.9
4991,514,2017,5,2,1225,2.2
4992,178,2012,10,3,640,3.7
4993,396,2016,9,3,937,4.8
4994,371,2020,1,2,824,4.7
4995,858,2017,3,2,1280,3.7
4996,791,2025,3,4,369,3.0
4997,658,2019,11,4,947,4.3
4998,318,2020,6,5,824,4.3
4999,736,2023,8,5,1133,4.3
5000,369,2012,3,3,975,1.6
